,Dataset,Number_Of_Candidates,Number_of_voters,Max_Ballot_length,Preferred_winner,Upper_Bound,heuristicV1_margin,Our_margin,Blom_margin,heuristicV1_runtime,Our_runtime,Blom_runtime,Margin_Blom=Ours,Upper_bound_correct,HeuristicV1_equl_margin,Our_number_LPS,Blom_number_LPS,Our_number_node_explored,Blom_number_node_explored,Our_blom_lb_calls,Blom_Leaf_node_explored,Our_Time_distanceTo,Blom_Time_distanceTo,Our_Time_lbcall,Blom_Time_lbcall
10,adressa=4_ballot=4,4,457,4,virginia,38,38,38,38,0.0002473,0.0018706,0.0559389,1,1,1,0,5,6,6,0.0003162,0,0.0011788,0.0541719,0.0001054,0.0004377
12,adressa=4_ballot=4,4,457,4,new hampshire,113,113,104,104,0.0002472,0.0028484,0.0328233,1,1,0,0,8,9,9,0.0004056,1,0.0020586,0.0310407,0.0001031,0.0007441
15,adressa=4_ballot=4,4,457,4,rio grande do norte,25,25,5,5,0.0004899,0.0070035,0.02635,1,1,0,0,12,14,14,0.0013098,1,0.0049287,0.0241846,0.0002094,0.0009902
25,adressa=4_ballot=4,4,457,4,georgia,38,38,38,38,0.0002465,0.0019516,0.0061306,1,1,1,0,5,6,6,0.00033,0,0.0012301,0.0051817,0.0001257,0.0004573
31,adressa=4_ballot=4,4,457,4,faro,38,38,38,38,0.0004114,0.002377,0.0085153,1,1,1,0,5,6,6,0.0003956,0,0.0015155,0.0073815,0.000131,0.0005425
39,adressa=4_ballot=4,4,457,4,capital federal,38,38,38,38,0.0002839,0.0040707,0.0119449,1,1,1,0,5,6,6,0.0008021,0,0.0022208,0.0109969,0.0003375,0.0004293
41,adressa=4_ballot=4,4,457,4,granada,38,38,38,38,0.0002482,0.0018581,0.0108249,1,1,1,0,5,6,6,0.0003126,0,0.0011721,0.0096007,0.0001087,0.0005789
43,adressa=4_ballot=4,4,457,4,valladolid,38,38,38,38,0.0003118,0.0029941,0.0088356,1,1,1,0,5,6,6,0.000552,0,0.0019936,0.0075306,0.0001266,0.0006958
44,adressa=4_ballot=4,4,457,4,worcestershire,113,113,104,104,0.0003018,0.0035082,0.0255441,1,1,0,0,8,9,9,0.0004926,1,0.0025427,0.0238725,0.0001272,0.0007616
45,adressa=4_ballot=4,4,457,4,victoria,38,38,38,38,0.0003001,0.0022359,0.0123788,1,1,1,0,5,6,6,0.0003768,0,0.0014118,0.0110626,0.0001269,0.00068
48,adressa=4_ballot=4,4,457,4,western australia,113,113,104,104,0.0003641,0.0067512,0.0238043,1,1,0,0,8,9,9,0.0010681,1,0.0045076,0.0216562,0.0003284,0.0010806
57,adressa=4_ballot=4,4,457,4,milton keynes,25,25,5,5,0.0011527,0.0050747,0.0334588,1,1,0,0,12,14,14,0.000742,1,0.003523,0.0302183,0.0002087,0.0016542
58,adressa=4_ballot=4,4,457,4,minnesota,38,38,38,38,0.0008588,0.0062182,0.0116358,1,1,1,0,5,6,6,0.0010918,0,0.0038257,0.0091123,0.0003873,0.0013877
60,adressa=4_ballot=4,4,457,4,ho chi minh,38,38,38,38,0.000266,0.0036441,0.0108033,1,1,1,0,5,6,6,0.0007394,0,0.0023079,0.0097494,0.0002484,0.0005289
61,adressa=4_ballot=4,4,457,4,schleswig-holstein,38,38,38,38,0.000288,0.0020518,0.0116652,1,1,1,0,5,6,6,0.0003444,0,0.0012974,0.0107,0.0001162,0.0004653
63,adressa=4_ballot=4,4,457,4,san pawl il bahar,38,38,38,38,0.0003487,0.0038519,0.0094517,1,1,1,0,5,6,6,0.000739,0,0.0023261,0.0084425,0.0002491,0.0004854
65,adressa=4_ballot=4,4,457,4,zug,38,38,38,38,0.0005343,0.0020164,0.0120685,1,1,1,0,5,6,6,0.000337,0,0.0012768,0.0106919,0.0001142,0.0007242
68,adressa=4_ballot=4,4,457,4,oaxaca,113,113,104,104,0.0002658,0.0030757,0.0234957,1,1,0,0,8,9,9,0.000436,1,0.0022279,0.0220594,0.0001109,0.0005865
69,adressa=4_ballot=4,4,457,4,rayong,38,38,38,38,0.0002673,0.0019983,0.0108074,1,1,1,0,5,6,6,0.0003368,0,0.0012615,0.0097688,0.0001146,0.0005036
73,adressa=4_ballot=4,4,457,4,bali,38,38,38,38,0.0003023,0.0020847,0.0133019,1,1,1,0,5,6,6,0.0003509,0,0.0013037,0.0123234,0.00012,0.0004636
76,adressa=4_ballot=4,4,457,4,phrae,38,38,38,38,0.0002736,0.002108,0.0069683,1,1,1,0,5,6,6,0.0003595,0,0.0013369,0.0059472,0.0001158,0.0005017
79,adressa=4_ballot=4,4,457,4,australian capital territory,38,38,38,38,0.0002659,0.0019964,0.0130227,1,1,1,0,5,6,6,0.0003384,0,0.0012615,0.0119328,0.0001133,0.0005438
81,adressa=4_ballot=4,4,457,4,ha noi,25,25,5,5,0.0005194,0.0074328,0.0362967,1,1,0,0,12,14,14,0.0013539,1,0.0052616,0.0333401,0.0002232,0.001601
83,adressa=4_ballot=4,4,457,4,tarlac,38,38,38,38,0.0005311,0.0020055,0.0070696,1,1,1,0,5,6,6,0.0003368,0,0.0012664,0.0061179,0.0001138,0.0004635
84,adressa=4_ballot=4,4,457,4,pattaya,38,38,38,38,0.0002689,0.0019934,0.0177504,1,1,1,0,5,6,6,0.0003375,0,0.0012564,0.0160952,0.0001127,0.0010003
85,adressa=4_ballot=4,4,457,4,colorado,38,38,38,38,0.000779,0.0039465,0.0115315,1,1,1,0,5,6,6,0.0007472,0,0.0023647,0.0104427,0.0002527,0.0005765
88,adressa=4_ballot=4,4,457,4,chon buri,113,113,38,38,0.0004934,0.0048302,0.0364378,1,1,0,0,12,13,13,0.0006928,2,0.0033804,0.0339516,0.0002081,0.0010623
89,adressa=4_ballot=4,4,457,4,yilan county,38,38,38,38,0.0002817,0.0022281,0.014178,1,1,1,0,5,6,6,0.0003545,0,0.0014143,0.0130983,0.0001288,0.0005433
92,adressa=4_ballot=4,4,457,4,michigan,38,38,38,38,0.0002798,0.0020699,0.008551,1,1,1,0,5,6,6,0.0003604,0,0.0012925,0.0076072,0.000119,0.0004509
93,adressa=4_ballot=4,4,457,4,masqat,38,38,38,38,0.0002473,0.0018637,0.0136135,1,1,1,0,5,6,6,0.0003339,0,0.0011629,0.0127108,0.0001044,0.0004295
95,adressa=4_ballot=4,4,457,4,basnahira palata,38,38,38,38,0.0002686,0.0019971,0.0131112,1,1,1,0,5,6,6,0.0003495,0,0.0012488,0.0121736,0.0001131,0.0004458
99,adressa=4_ballot=4,4,457,4,nova scotia,38,38,38,38,0.0002472,0.0018368,0.0086523,1,1,1,0,5,6,6,0.0003109,0,0.0011615,0.0077747,0.0001035,0.0004293
102,adressa=4_ballot=4,4,457,4,wielkopolskie,38,38,38,38,0.0005809,0.0021396,0.0088349,1,1,1,0,5,6,6,0.0003711,0,0.0013822,0.0079476,0.0001036,0.0004314
103,adressa=4_ballot=4,4,457,4,oklahoma,25,25,5,5,0.0004846,0.0043835,0.0387956,1,1,0,0,12,14,14,0.0007179,1,0.002921,0.0365739,0.0002044,0.001055
105,adressa=4_ballot=4,4,457,4,zurich,38,38,38,38,0.0002457,0.001841,0.0133108,1,1,1,0,5,6,6,0.0003128,0,0.0011636,0.0121961,0.0001037,0.0005216
108,adressa=4_ballot=4,4,457,4,hallands lan,25,25,5,5,0.0007395,0.006419,0.0379399,1,1,0,0,12,14,14,0.0010572,1,0.0042329,0.0343694,0.0003186,0.0017679
110,adressa=4_ballot=4,4,457,4,dublin,113,113,38,38,0.001057,0.0128946,0.0393135,1,1,0,0,12,13,13,0.0026728,2,0.0085908,0.0358824,0.0004492,0.0014535
112,adressa=4_ballot=4,4,457,4,burgos,38,38,38,38,0.0004272,0.0030512,0.0079521,1,1,1,0,5,6,6,0.0005281,0,0.0018907,0.0067151,0.0001794,0.0006117
118,adressa=4_ballot=4,4,457,4,norrbottens lan,25,25,5,5,0.0005998,0.0048922,0.0295634,1,1,0,0,12,14,14,0.0007886,1,0.0032176,0.0264581,0.0002266,0.0015279
119,adressa=4_ballot=4,4,457,4,murcia,113,113,5,5,0.0014176,0.0075339,0.0440258,1,1,0,0,16,17,17,0.0011532,1,0.0052761,0.0405714,0.000303,0.0018405
123,adressa=4_ballot=4,4,457,4,ostrobothnia,38,38,38,38,0.0002731,0.0020656,0.0127352,1,1,1,0,5,6,6,0.0003613,0,0.0013003,0.0117236,0.0001148,0.0005133
126,adressa=4_ballot=4,4,457,4,varna,113,113,104,104,0.0002727,0.0031282,0.0216357,1,1,0,0,8,9,9,0.0004456,1,0.002267,0.0202839,0.0001122,0.0006375
127,adressa=4_ballot=4,4,457,4,zuid-holland,113,113,38,38,0.000532,0.0074555,0.0375724,1,1,0,0,12,13,13,0.0009707,2,0.0054053,0.034473,0.0004192,0.0013407
128,adressa=4_ballot=4,4,457,4,dubayy,38,38,38,38,0.0002913,0.0021223,0.0150582,1,1,1,0,5,6,6,0.0003545,0,0.0013231,0.0137588,0.0001202,0.0005948
135,adressa=4_ballot=4,4,457,4,nakhon si thammarat,25,25,5,5,0.0005647,0.0051204,0.0274847,1,1,0,0,12,14,14,0.0008405,1,0.0034148,0.0251373,0.0002414,0.0011203
140,adressa=4_ballot=4,4,457,4,oxfordshire,113,113,104,104,0.0002885,0.0033293,0.023124,1,1,0,0,8,9,9,0.0004814,1,0.0024063,0.0217419,0.0001203,0.0006284
144,adressa=4_ballot=4,4,457,4,vastmanlands lan,113,113,104,104,0.0002896,0.0038473,0.0200293,1,1,0,0,8,9,9,0.0005385,1,0.0028628,0.0186452,0.0001187,0.0006294
147,adressa=4_ballot=4,4,457,4,orebro lan,38,38,38,38,0.0002932,0.0027701,0.0108477,1,1,1,0,5,6,6,0.0004752,0,0.0018576,0.0092543,0.0001224,0.0007042
152,adressa=4_ballot=4,4,457,4,latina,113,113,104,104,0.0002926,0.0033907,0.0208661,1,1,0,0,8,9,9,0.0004787,1,0.0024304,0.019144,0.0001238,0.0007661
153,adressa=4_ballot=4,4,457,4,kastoria,38,38,38,38,0.0005013,0.0043111,0.0117268,1,1,1,0,5,6,6,0.0008291,0,0.0025362,0.0106724,0.0002816,0.0004973
154,adressa=4_ballot=4,4,457,4,united states,25,25,5,5,0.0005977,0.0052208,0.0296258,1,1,0,0,12,14,14,0.0008407,1,0.0034472,0.0270763,0.000249,0.0012071
158,adressa=4_ballot=4,4,457,4,uppsala lan,113,113,5,5,0.0008591,0.0069529,0.0499112,1,1,0,0,16,17,17,0.0011019,1,0.0045295,0.0463753,0.0003665,0.0017256
161,adressa=4_ballot=4,4,457,4,liverpool,38,38,38,38,0.0005705,0.0022275,0.0121796,1,1,1,0,5,6,6,0.0003737,0,0.0014224,0.0108295,0.0001221,0.0007514
169,adressa=4_ballot=4,4,457,4,khon kaen,38,38,38,38,0.0003072,0.0023138,0.0160237,1,1,1,0,5,6,6,0.000391,0,0.0014913,0.0149169,0.0001222,0.0005068
179,adressa=4_ballot=4,4,457,4,central finland,38,38,38,38,0.0002449,0.0018382,0.0105904,1,1,1,0,5,6,6,0.000312,0,0.0011627,0.0096579,0.0001034,0.000444
181,adressa=4_ballot=4,4,457,4,nidwalden,38,38,38,38,0.0002723,0.0019543,0.0139872,1,1,1,0,5,6,6,0.0003359,0,0.0011865,0.0129829,0.0001263,0.0004692
182,adressa=4_ballot=4,4,457,4,manila,38,38,38,38,0.0002772,0.0021064,0.0135716,1,1,1,0,5,6,6,0.0003501,0,0.0013324,0.0125524,0.0001198,0.000489
184,adressa=4_ballot=4,4,457,4,stockton-on-tees,113,113,104,104,0.00028,0.0032037,0.0231941,1,1,0,0,8,9,9,0.0004744,1,0.0023009,0.0218726,0.0001162,0.0005989
185,adressa=4_ballot=4,4,457,4,solothurn,38,38,38,38,0.0002819,0.0020797,0.0130451,1,1,1,0,5,6,6,0.0003707,0,0.0012898,0.0120578,0.0001203,0.0004775
188,adressa=4_ballot=4,4,457,4,moray,38,38,38,38,0.0002832,0.0022395,0.0108294,1,1,1,0,5,6,6,0.000346,0,0.0014308,0.0096527,0.0001129,0.0006232
189,adressa=4_ballot=4,4,457,4,guangdong,38,38,38,38,0.0002739,0.002048,0.0155736,1,1,1,0,5,6,6,0.0003454,0,0.0012922,0.0139587,0.0001157,0.0007598
194,adressa=4_ballot=4,4,457,4,islas baleares,113,113,38,38,0.0004746,0.005606,0.0343583,1,1,0,0,12,13,13,0.0006889,2,0.0041304,0.0322836,0.0002021,0.0008599
198,adressa=4_ballot=4,4,457,4,huelva,38,38,38,38,0.0002508,0.0018555,0.0146562,1,1,1,0,5,6,6,0.0003114,0,0.0011658,0.0136551,0.0001066,0.0004867
199,adressa=4_ballot=4,4,457,4,syddanmark,113,113,104,104,0.0002811,0.0030364,0.0247228,1,1,0,0,8,9,9,0.0004448,1,0.0021794,0.0234527,0.0001122,0.000541
202,adressa=4_ballot=4,4,457,4,hammersmith and fulham,38,38,38,38,0.0002441,0.0018454,0.0109114,1,1,1,0,5,6,6,0.0003116,0,0.0011632,0.0100204,0.0001044,0.0004329
203,adressa=4_ballot=4,4,457,4,quebec,38,38,38,38,0.000247,0.0024016,0.0134864,1,1,1,0,5,6,6,0.0003994,0,0.0012704,0.0125898,0.000229,0.0004411
205,adressa=4_ballot=4,4,457,4,chaiyaphum,38,38,38,38,0.0002663,0.0020111,0.012878,1,1,1,0,5,6,6,0.000337,0,0.0012753,0.0119254,0.0001123,0.0004555
208,adressa=4_ballot=4,4,457,4,dodekanisos,38,38,38,38,0.0002454,0.0018311,0.0114696,1,1,1,0,5,6,6,0.0003104,0,0.0011576,0.0104892,0.0001033,0.0005135
211,adressa=4_ballot=4,4,457,4,western cape,113,113,5,5,0.0005577,0.0043413,0.0318246,1,1,0,0,11,12,12,0.0006816,1,0.0028261,0.0290601,0.0002283,0.0014504
212,adressa=4_ballot=4,4,457,4,pichincha,38,38,38,38,0.0002602,0.0019217,0.00935,1,1,1,0,5,6,6,0.0003383,0,0.0011957,0.0082667,0.0001103,0.0005838
213,adressa=4_ballot=4,4,457,4,wandsworth,25,25,5,5,0.0002565,0.0029875,0.0273945,1,1,0,0,8,9,9,0.0004262,1,0.0021398,0.0258857,0.0001102,0.0006923
215,adressa=4_ballot=4,4,457,4,oregon,25,25,5,5,0.0002827,0.0047027,0.0232574,1,1,0,0,8,9,9,0.0006574,1,0.003602,0.0218039,0.0001183,0.0006181
216,adressa=4_ballot=4,4,457,4,delhi,25,25,5,5,0.0006879,0.0073563,0.0221856,1,1,0,0,8,9,9,0.0011957,1,0.0051583,0.0201445,0.0003125,0.000937
218,adressa=4_ballot=4,4,457,4,gelderland,25,25,5,5,0.0005617,0.0033628,0.0240428,1,1,0,0,8,9,9,0.0004753,1,0.0024362,0.0226427,0.0001354,0.000629
219,adressa=4_ballot=4,4,457,4,connecticut,25,25,5,5,0.0002922,0.0033436,0.0252741,1,1,0,0,8,9,9,0.0004792,1,0.0024095,0.0238042,0.0001236,0.0006361
220,adressa=4_ballot=4,4,457,4,ankara,25,25,5,5,0.0002918,0.0032985,0.0249144,1,1,0,0,8,9,9,0.000474,1,0.0023748,0.0234691,0.0001234,0.0006238
221,adressa=4_ballot=4,4,457,4,noord-brabant,25,25,5,5,0.0002889,0.0034073,0.0170024,1,1,0,0,8,9,9,0.0005775,1,0.0023412,0.0152449,0.0001312,0.0008834
223,adressa=4_ballot=4,4,457,4,yangon,25,25,5,5,0.0002472,0.0028105,0.0131575,1,1,0,0,8,9,9,0.0004043,1,0.0020244,0.0119037,0.0001044,0.0005447
226,adressa=4_ballot=4,4,457,4,parnumaa,25,25,5,5,0.0002658,0.0034375,0.0221287,1,1,0,0,8,9,9,0.0004862,1,0.0025153,0.0207644,0.0001283,0.0005846
227,adressa=4_ballot=4,4,457,4,jonkopings lan,113,113,5,5,0.0019466,0.0132248,0.0466667,1,1,0,0,16,17,17,0.0025106,1,0.0078215,0.0429973,0.0008729,0.0017783
228,adressa=4_ballot=4,4,457,4,vizcaya,25,25,5,5,0.0002856,0.0032306,0.0249279,1,1,0,0,8,9,9,0.0004514,1,0.0023264,0.0235154,0.000122,0.0005959
230,adressa=4_ballot=4,4,457,4,federacija bosna i hercegovina,25,25,5,5,0.000278,0.0041573,0.0147172,1,1,0,0,8,9,9,0.0005819,1,0.0031448,0.0133689,0.0001161,0.0006129
231,adressa=4_ballot=4,4,457,4,denmark,25,25,5,5,0.0003153,0.0031625,0.0187238,1,1,0,0,8,9,9,0.000456,1,0.0022654,0.0171441,0.0001192,0.0007231
232,adressa=4_ballot=4,4,457,4,laanemaa,113,113,104,104,0.0002741,0.003245,0.0252528,1,1,0,0,8,9,9,0.000463,1,0.0023429,0.0235826,0.0001315,0.000877
233,adressa=4_ballot=4,4,457,4,perth and kinross,38,38,38,38,0.0002832,0.0021069,0.0099863,1,1,1,0,5,6,6,0.0003557,0,0.0013303,0.0089652,0.0001189,0.0005038
234,adressa=4_ballot=4,4,457,4,dolnoslaskie,25,25,5,5,0.0002782,0.0032241,0.0276743,1,1,0,0,8,9,9,0.0004597,1,0.0023302,0.0261868,0.0001168,0.0007031
236,adressa=4_ballot=4,4,457,4,zeeland,38,38,38,38,0.0002824,0.0020608,0.0135526,1,1,1,0,5,6,6,0.0003399,0,0.0012892,0.0120596,0.0001333,0.000907
237,adressa=4_ballot=4,4,457,4,salzburg,113,113,104,104,0.0006258,0.0067953,0.0205842,1,1,0,0,8,9,9,0.0011773,1,0.0046059,0.0191675,0.0003064,0.0006455
238,adressa=4_ballot=4,4,457,4,seoul teugbyeol-si,25,25,5,5,0.000287,0.0032208,0.0249555,1,1,0,0,8,9,9,0.0004627,1,0.0023163,0.0235766,0.0001209,0.0005997
239,adressa=4_ballot=4,4,457,4,hofudborgarsvaedi,38,38,38,38,0.0002536,0.0018917,0.0136994,1,1,1,0,5,6,6,0.0003188,0,0.0011949,0.0126908,0.0001078,0.0004718
247,adressa=5_ballot=4,5,923,4,connecticut,188,188,188,188,0.0017033,0.1275987,0.2357527,1,1,1,0,59,60,60,0.0166466,9,0.1061878,0.2113107,0.001555,0.0139494
252,adressa=5_ballot=4,5,923,4,virginia,265,265,265,265,0.0028248,0.0880122,0.2454936,1,1,1,0,61,62,62,0.0117388,11,0.0718205,0.2210655,0.0014189,0.0139009
254,adressa=5_ballot=4,5,923,4,massachusetts,291,291,291,291,0.0017591,0.0523201,0.1347318,1,1,1,0,31,32,32,0.0066377,6,0.0439995,0.1209779,0.0003796,0.0069218
255,adressa=5_ballot=4,5,923,4,new hampshire,420,420,420,420,0.0021593,0.0709529,0.1324773,1,1,1,0,31,32,32,0.0100594,6,0.0574803,0.1189905,0.0009459,0.0061592
259,adressa=5_ballot=4,5,923,4,rio grande do norte,188,188,188,188,0.0044995,0.1151819,0.3234447,1,1,1,0,86,87,87,0.0171423,13,0.0936797,0.2946062,0.0014497,0.0161284
268,adressa=5_ballot=4,5,923,4,georgia,265,265,265,265,0.0008551,0.0430158,0.1105121,1,1,1,0,30,31,31,0.007137,5,0.0333892,0.1015218,0.0008328,0.0048241
275,adressa=5_ballot=4,5,923,4,faro,265,265,265,265,0.0016907,0.0667738,0.2322459,1,1,1,0,61,62,62,0.0090889,11,0.0549108,0.211342,0.0006936,0.012066
283,adressa=5_ballot=4,5,923,4,capital federal,265,265,265,265,0.0007271,0.0356991,0.1066904,1,1,1,0,30,31,31,0.0053463,5,0.0291692,0.0988256,0.0002972,0.0043754
284,adressa=5_ballot=4,5,923,4,bruxelles-capitale,291,291,291,291,0.0009841,0.0349803,0.1336474,1,1,1,0,31,32,32,0.0044118,6,0.0291223,0.1238373,0.0003008,0.0050915
286,adressa=5_ballot=4,5,923,4,granada,265,265,265,265,0.0008447,0.0588739,0.1218813,1,1,1,0,30,31,31,0.0084309,5,0.0487151,0.1096919,0.0003172,0.0071967
289,adressa=5_ballot=4,5,923,4,valladolid,265,265,265,265,0.0007278,0.0374044,0.1111665,1,1,1,0,30,31,31,0.0044564,5,0.0314271,0.1021502,0.0003003,0.0053693
290,adressa=5_ballot=4,5,923,4,worcestershire,420,420,420,420,0.0007568,0.0444153,0.1218169,1,1,1,0,31,32,32,0.0060284,6,0.0371035,0.1104155,0.0003061,0.0064128
293,adressa=5_ballot=4,5,923,4,victoria,265,265,265,265,0.0008201,0.0336866,0.1057526,1,1,1,0,30,31,31,0.0041547,5,0.0283317,0.0975097,0.0003005,0.0045148
296,adressa=5_ballot=4,5,923,4,manila,265,265,265,265,0.0014793,0.0811139,0.2295902,1,1,1,0,61,62,62,0.0112919,11,0.0670706,0.2065453,0.0005976,0.013061
297,adressa=5_ballot=4,5,923,4,western australia,420,420,420,420,0.00078,0.0471436,0.1231152,1,1,1,0,31,32,32,0.005744,6,0.0399498,0.112772,0.0003168,0.005268
308,adressa=5_ballot=4,5,923,4,chon buri,420,420,265,265,0.0022523,0.1098953,0.3385651,1,1,0,0,82,83,83,0.0171171,14,0.0888812,0.308146,0.0008811,0.0172805
309,adressa=5_ballot=4,5,923,4,milton keynes,188,188,188,188,0.0015323,0.0759093,0.2134852,1,1,1,0,57,58,58,0.0121065,9,0.0610799,0.1928451,0.0006438,0.0119661
310,adressa=5_ballot=4,5,923,4,minnesota,265,265,265,265,0.0008347,0.0466176,0.1107719,1,1,1,0,30,31,31,0.0065375,5,0.038657,0.1020326,0.000364,0.0046918
312,adressa=5_ballot=4,5,923,4,sheffield,291,291,291,291,0.0008294,0.033227,0.1250348,1,1,1,0,31,32,32,0.0044128,6,0.0272195,0.1143599,0.0003402,0.0058787
313,adressa=5_ballot=4,5,923,4,ho chi minh,265,265,265,265,0.0007997,0.0274423,0.1200078,1,1,1,0,30,31,31,0.0037471,5,0.0221482,0.1091637,0.0003307,0.0062063
314,adressa=5_ballot=4,5,923,4,schleswig-holstein,265,265,265,265,0.0010846,0.0286206,0.1175711,1,1,1,0,30,31,31,0.0040952,5,0.0228546,0.1072575,0.0004503,0.0052661
316,adressa=5_ballot=4,5,923,4,san pawl il bahar,265,265,265,265,0.0007197,0.0261087,0.1235302,1,1,1,0,30,31,31,0.0035318,5,0.021119,0.1148695,0.0002974,0.0048822
318,adressa=5_ballot=4,5,923,4,zug,265,265,265,265,0.0024008,0.0499365,0.1070315,1,1,1,0,30,31,31,0.0085626,5,0.037854,0.0976069,0.0010332,0.0050336
322,adressa=5_ballot=4,5,923,4,aichi,291,291,291,291,0.0008607,0.0313468,0.118694,1,1,1,0,31,32,32,0.0039887,6,0.0252224,0.1093674,0.0003873,0.0045368
325,adressa=5_ballot=4,5,923,4,oaxaca,420,420,420,420,0.0007148,0.03755,0.1436631,1,1,1,0,31,32,32,0.0051586,6,0.0309728,0.1315959,0.0002884,0.0057789
326,adressa=5_ballot=4,5,923,4,rayong,265,265,265,265,0.0010352,0.0312504,0.1077773,1,1,1,0,30,31,31,0.0041951,5,0.0254942,0.0988013,0.0003723,0.005303
327,adressa=5_ballot=4,5,923,4,nakhon si thammarat,188,188,188,188,0.0020916,0.0905139,0.3224521,1,1,1,0,86,87,87,0.0149536,13,0.0720541,0.2951224,0.0008835,0.0165956
329,adressa=5_ballot=4,5,923,4,central,291,291,291,291,0.0015709,0.0396224,0.1143334,1,1,1,0,31,32,32,0.0046888,6,0.0335862,0.106102,0.0003135,0.0042541
333,adressa=5_ballot=4,5,923,4,bali,265,265,265,265,0.0007863,0.0357987,0.1160399,1,1,1,0,30,31,31,0.0054477,5,0.0289824,0.1071513,0.000323,0.0049324
335,adressa=5_ballot=4,5,923,4,phrae,265,265,265,265,0.0014044,0.0632764,0.2459088,1,1,1,0,61,62,62,0.009246,11,0.051566,0.2225183,0.0005902,0.0138363
340,adressa=5_ballot=4,5,923,4,australian capital territory,265,265,265,265,0.0008143,0.041932,0.1358312,1,1,1,0,30,31,31,0.0069855,5,0.0332708,0.1228227,0.0003337,0.0073919
342,adressa=5_ballot=4,5,923,4,morelos,291,291,291,291,0.0022646,0.0644638,0.1332099,1,1,1,0,31,32,32,0.0101399,6,0.0509418,0.1183457,0.0009624,0.0085712
343,adressa=5_ballot=4,5,923,4,ha noi,188,188,188,188,0.004553,0.1199499,0.3168678,1,1,1,0,86,87,87,0.0177688,13,0.0976198,0.2839523,0.0009916,0.021034
344,adressa=5_ballot=4,5,923,4,arizona,291,291,291,291,0.0014777,0.0353495,0.1335141,1,1,1,0,31,32,32,0.0048895,6,0.0291741,0.1199167,0.0003099,0.0079648
345,adressa=5_ballot=4,5,923,4,songkhla,291,291,291,291,0.0007315,0.046429,0.1248212,1,1,1,0,31,32,32,0.0066099,6,0.0384578,0.1146424,0.0003059,0.0052869
346,adressa=5_ballot=4,5,923,4,tarlac,265,265,265,265,0.0007872,0.0527265,0.1189079,1,1,1,0,30,31,31,0.0077023,5,0.0436055,0.1057891,0.0003177,0.0082559
348,adressa=5_ballot=4,5,923,4,pattaya,265,265,265,265,0.0008309,0.0327278,0.1172115,1,1,1,0,30,31,31,0.0048446,5,0.0259065,0.1064233,0.0006213,0.0059168
349,adressa=5_ballot=4,5,923,4,colorado,265,265,265,265,0.0007264,0.0334033,0.106897,1,1,1,0,30,31,31,0.004317,5,0.0276293,0.0988164,0.0002992,0.0046552
351,adressa=5_ballot=4,5,923,4,yilan county,265,265,265,265,0.000731,0.031189,0.1214671,1,1,1,0,30,31,31,0.0042222,5,0.0257496,0.1111318,0.0002995,0.0058835
353,adressa=5_ballot=4,5,923,4,michigan,265,265,265,265,0.0007276,0.0284565,0.1215968,1,1,1,0,30,31,31,0.0035459,5,0.0237308,0.1125574,0.0002995,0.0051517
354,adressa=5_ballot=4,5,923,4,masqat,265,265,265,265,0.0007645,0.0369817,0.1205167,1,1,1,0,30,31,31,0.0048233,5,0.0308471,0.1095189,0.0003357,0.0068708
356,adressa=5_ballot=4,5,923,4,basnahira palata,265,265,265,265,0.0008583,0.0403495,0.1270074,1,1,1,0,30,31,31,0.0066772,5,0.0318785,0.1140401,0.0003631,0.0087365
360,adressa=5_ballot=4,5,923,4,nova scotia,265,265,265,265,0.0008903,0.0431882,0.1115227,1,1,1,0,30,31,31,0.0073058,5,0.0343207,0.1018765,0.0003721,0.0054241
363,adressa=5_ballot=4,5,923,4,wielkopolskie,265,265,265,265,0.0008717,0.040583,0.113619,1,1,1,0,30,31,31,0.0059834,5,0.0331198,0.1037483,0.0003599,0.0057064
365,adressa=5_ballot=4,5,923,4,oklahoma,188,188,188,188,0.0014223,0.0728303,0.2081916,1,1,1,0,57,58,58,0.0120186,9,0.0577049,0.1882644,0.0013097,0.0120909
366,adressa=5_ballot=4,5,923,4,zurich,265,265,265,265,0.0014731,0.0850524,0.2218731,1,1,1,0,61,62,62,0.0102684,11,0.0721159,0.2039788,0.000598,0.0109721
370,adressa=5_ballot=4,5,923,4,hallands lan,188,188,188,188,0.0044628,0.0954181,0.3157405,1,1,1,0,86,87,87,0.0139029,13,0.0775268,0.2920206,0.0009558,0.0132419
372,adressa=5_ballot=4,5,923,4,dublin,420,420,265,265,0.0021666,0.1260877,0.3207051,1,1,0,0,82,83,83,0.0184472,14,0.1026776,0.2933214,0.0020197,0.0165022
374,adressa=5_ballot=4,5,923,4,burgos,265,265,265,265,0.0007961,0.0305271,0.1080936,1,1,1,0,30,31,31,0.0043804,5,0.0248354,0.0988856,0.0003263,0.0047368
376,adressa=5_ballot=4,5,923,4,gloucestershire,291,291,291,291,0.0020725,0.0375842,0.1196385,1,1,1,0,31,32,32,0.0046637,6,0.031318,0.108033,0.0003243,0.00699
380,adressa=5_ballot=4,5,923,4,norrbottens lan,188,188,188,188,0.0014187,0.0783879,0.2063777,1,1,1,0,57,58,58,0.0114022,9,0.0641701,0.189856,0.0005927,0.0091163
381,adressa=5_ballot=4,5,923,4,murcia,420,420,188,188,0.0028443,0.1362646,0.3873152,1,1,0,0,102,103,103,0.0189516,16,0.1118776,0.3538314,0.001399,0.0190669
384,adressa=5_ballot=4,5,923,4,bagmati,291,291,291,291,0.0012947,0.0627037,0.1278022,1,1,1,0,31,32,32,0.0077872,6,0.0528589,0.1145996,0.0004684,0.0070969
385,adressa=5_ballot=4,5,923,4,zuid-holland,420,420,265,265,0.0041929,0.1106844,0.3104808,1,1,0,0,82,83,83,0.01702,14,0.0898451,0.2848052,0.0008909,0.0152558
386,adressa=5_ballot=4,5,923,4,ostrobothnia,265,265,265,265,0.001677,0.0791555,0.2816647,1,1,1,0,61,62,62,0.0111152,11,0.0646541,0.2632178,0.0007224,0.0103566
390,adressa=5_ballot=4,5,923,4,varna,420,420,420,420,0.0008471,0.0339154,0.1240355,1,1,1,0,31,32,32,0.0042245,6,0.0280247,0.1130952,0.0003389,0.0067005
391,adressa=5_ballot=4,5,923,4,dubayy,265,265,265,265,0.0007678,0.0399539,0.1112503,1,1,1,0,30,31,31,0.0059288,5,0.0327707,0.1009844,0.0003131,0.0058089
398,adressa=5_ballot=4,5,923,4,oxfordshire,420,420,420,420,0.0007139,0.0337495,0.1208433,1,1,1,0,31,32,32,0.0040247,6,0.0283343,0.1120891,0.0002896,0.0046577
401,adressa=5_ballot=4,5,923,4,vastmanlands lan,420,420,420,420,0.0009522,0.037457,0.1251455,1,1,1,0,31,32,32,0.005359,6,0.0306672,0.1169235,0.0002928,0.0043098
402,adressa=5_ballot=4,5,923,4,salamanca,291,291,291,291,0.0007605,0.0296176,0.1102887,1,1,1,0,31,32,32,0.0042395,6,0.0240896,0.1025914,0.0003146,0.0044136
405,adressa=5_ballot=4,5,923,4,orebro lan,265,265,265,265,0.0023902,0.0739782,0.2427654,1,1,1,0,61,62,62,0.0105054,11,0.0608455,0.2232426,0.0006575,0.0109357
409,adressa=5_ballot=4,5,923,4,latina,420,420,420,420,0.0007139,0.0287765,0.1369443,1,1,1,0,31,32,32,0.0036482,6,0.0239296,0.1274593,0.0002884,0.0046496
410,adressa=5_ballot=4,5,923,4,united states,188,188,188,188,0.0026606,0.1217915,0.3350035,1,1,1,0,86,87,87,0.0190826,13,0.0985591,0.3024192,0.0010435,0.0210815
411,adressa=5_ballot=4,5,923,4,milano,291,291,291,291,0.0007873,0.0299451,0.1192867,1,1,1,0,31,32,32,0.0041016,6,0.0245761,0.1097225,0.0003207,0.0058379
412,adressa=5_ballot=4,5,923,4,kastoria,265,265,265,265,0.0007651,0.0393037,0.1036103,1,1,1,0,30,31,31,0.006896,5,0.0307903,0.0950949,0.0005962,0.004606
413,adressa=5_ballot=4,5,923,4,sofia-grad,291,291,291,291,0.0007176,0.0325842,0.1251332,1,1,1,0,31,32,32,0.0037841,6,0.0273728,0.1140689,0.0002967,0.0062453
414,adressa=5_ballot=4,5,923,4,parnumaa,188,188,188,188,0.0015614,0.0711313,0.2309043,1,1,1,0,59,60,60,0.0112922,9,0.0573009,0.2120553,0.000657,0.0108334
418,adressa=5_ballot=4,5,923,4,uppsala lan,420,420,188,188,0.0024147,0.1001306,0.3185527,1,1,0,0,73,74,74,0.0152574,12,0.0805176,0.2820111,0.0009596,0.0200472
421,adressa=5_ballot=4,5,923,4,liverpool,265,265,265,265,0.0008587,0.0713829,0.1052875,1,1,1,0,30,31,31,0.012354,5,0.057351,0.0964866,0.0003764,0.0050082
423,adressa=5_ballot=4,5,923,4,limburg,291,291,291,291,0.0007306,0.0318682,0.1191039,1,1,1,0,31,32,32,0.0045005,6,0.025753,0.1088512,0.0003009,0.0059796
424,adressa=5_ballot=4,5,923,4,moskva,291,291,291,291,0.0007421,0.0356697,0.1119784,1,1,1,0,31,32,32,0.0046827,6,0.0297041,0.1033324,0.0002991,0.0045017
430,adressa=5_ballot=4,5,923,4,islas baleares,420,420,265,265,0.0059461,0.1562045,0.3305548,1,1,0,0,82,83,83,0.0263877,14,0.1206993,0.2862657,0.0025878,0.0266729
431,adressa=5_ballot=4,5,923,4,khon kaen,265,265,265,265,0.0029807,0.0760349,0.2221312,1,1,1,0,61,62,62,0.0105985,11,0.0626949,0.2047939,0.0006767,0.0093091
439,adressa=5_ballot=4,5,923,4,braila,291,291,291,291,0.0007196,0.0384905,0.1171813,1,1,1,0,31,32,32,0.0053003,6,0.0319309,0.1075503,0.0002958,0.0048904
443,adressa=5_ballot=4,5,923,4,central finland,265,265,265,265,0.0007621,0.0388517,0.1059531,1,1,1,0,30,31,31,0.0046704,5,0.0328684,0.0979761,0.000314,0.004406
445,adressa=5_ballot=4,5,923,4,nidwalden,265,265,265,265,0.000823,0.0378435,0.1127663,1,1,1,0,30,31,31,0.0049604,5,0.0311863,0.103874,0.000342,0.0051944
448,adressa=5_ballot=4,5,923,4,stockton-on-tees,420,420,420,420,0.0016529,0.0542949,0.1233358,1,1,1,0,31,32,32,0.0074956,6,0.0453758,0.1143109,0.0003252,0.0047674
449,adressa=5_ballot=4,5,923,4,solothurn,265,265,265,265,0.0007273,0.0381602,0.1169386,1,1,1,0,30,31,31,0.0048734,5,0.0321118,0.1076313,0.000298,0.0051254
451,adressa=5_ballot=4,5,923,4,sankt-peterburg,291,291,291,291,0.0007235,0.0294321,0.1116607,1,1,1,0,31,32,32,0.0037202,6,0.0242655,0.1026398,0.0002993,0.0052265
453,adressa=5_ballot=4,5,923,4,moray,265,265,265,265,0.0007227,0.0289813,0.1069609,1,1,1,0,30,31,31,0.0038646,5,0.0237178,0.0963819,0.0002968,0.0063008
454,adressa=5_ballot=4,5,923,4,guangdong,265,265,265,265,0.0007593,0.0286353,0.1071282,1,1,1,0,30,31,31,0.0040289,5,0.0233821,0.0988381,0.0003074,0.004782
459,adressa=5_ballot=4,5,923,4,syddanmark,420,420,291,291,0.0016039,0.0671532,0.2362532,1,1,0,0,63,64,64,0.0095128,10,0.0549887,0.21704,0.0006667,0.0110609
460,adressa=5_ballot=4,5,923,4,espirito santo,291,291,291,291,0.00081,0.0328191,0.1202254,1,1,1,0,31,32,32,0.0042657,6,0.0271665,0.1106782,0.0003557,0.0057594
461,adressa=5_ballot=4,5,923,4,huelva,265,265,265,265,0.0016729,0.0308427,0.1033373,1,1,1,0,30,31,31,0.0044322,5,0.0238305,0.0950239,0.0007732,0.0043147
462,adressa=5_ballot=4,5,923,4,puerto rico,291,291,291,291,0.0007201,0.0324963,0.1102191,1,1,1,0,31,32,32,0.0041044,6,0.0269189,0.1018039,0.0002998,0.0042529
465,adressa=5_ballot=4,5,923,4,hammersmith and fulham,265,265,265,265,0.0007227,0.037893,0.1064276,1,1,1,0,30,31,31,0.0046573,5,0.0317265,0.096192,0.0002984,0.0062014
466,adressa=5_ballot=4,5,923,4,regiao autonoma da madeira,291,291,291,291,0.0016223,0.0452516,0.1238477,1,1,1,0,31,32,32,0.0067512,6,0.036739,0.1128558,0.0003411,0.0067763
467,adressa=5_ballot=4,5,923,4,quebec,265,265,265,265,0.0007873,0.0549276,0.1086369,1,1,1,0,30,31,31,0.0077605,5,0.0457756,0.0989305,0.0003243,0.0051589
469,adressa=5_ballot=4,5,923,4,jonkopings lan,420,420,188,188,0.0084812,0.1508481,0.3695121,1,1,0,0,102,103,103,0.0235799,16,0.1165152,0.3356275,0.0014335,0.0210425
470,adressa=5_ballot=4,5,923,4,chaiyaphum,265,265,265,265,0.0007267,0.0388426,0.1173929,1,1,1,0,30,31,31,0.0057816,5,0.0318065,0.1061177,0.0003029,0.0066346
471,adressa=5_ballot=4,5,923,4,pontevedra,291,291,291,291,0.000878,0.042764,0.1211917,1,1,1,0,31,32,32,0.00558,6,0.0353747,0.1098039,0.000352,0.006431
474,adressa=5_ballot=4,5,923,4,bromley,291,291,291,291,0.0008712,0.0443814,0.1382616,1,1,1,0,31,32,32,0.0065671,6,0.0348328,0.1239093,0.000808,0.0096863
475,adressa=5_ballot=4,5,923,4,dodekanisos,265,265,265,265,0.0008935,0.0457142,0.1054798,1,1,1,0,30,31,31,0.0077346,5,0.0354519,0.0978198,0.0007822,0.004104
477,adressa=5_ballot=4,5,923,4,region metro de santiago,291,291,291,291,0.0007405,0.0349019,0.1183496,1,1,1,0,31,32,32,0.00505,6,0.0285418,0.1089752,0.0002963,0.0050387
478,adressa=5_ballot=4,5,923,4,western cape,420,420,188,188,0.0014164,0.0719395,0.1668544,1,1,0,0,46,47,47,0.0112474,8,0.0583123,0.1529384,0.0005843,0.0078112
479,adressa=5_ballot=4,5,923,4,pichincha,265,265,265,265,0.0008692,0.0479328,0.1102668,1,1,1,0,30,31,31,0.0064808,5,0.0399335,0.1007483,0.0003792,0.0051002
480,adressa=5_ballot=4,5,923,4,wandsworth,188,188,188,188,0.0008484,0.0331018,0.1101368,1,1,1,0,30,31,31,0.004508,5,0.0258967,0.100772,0.0008046,0.0050772
481,adressa=5_ballot=4,5,923,4,bristol,291,291,291,291,0.000853,0.0380938,0.1193533,1,1,1,0,31,32,32,0.0045031,6,0.0316637,0.110594,0.0003554,0.0049215
483,adressa=5_ballot=4,5,923,4,oregon,188,188,188,188,0.0008343,0.0340417,0.106879,1,1,1,0,30,31,31,0.0042176,5,0.0281383,0.0973621,0.0003597,0.0055738
484,adressa=5_ballot=4,5,923,4,delhi,188,188,188,188,0.0007223,0.0283586,0.1115041,1,1,1,0,30,31,31,0.0038415,5,0.0233416,0.102437,0.0002954,0.0051172
486,adressa=5_ballot=4,5,923,4,gelderland,188,188,188,188,0.0025693,0.0371772,0.1108512,1,1,1,0,30,31,31,0.0060052,5,0.0279003,0.0998486,0.0007448,0.0067896
487,adressa=5_ballot=4,5,923,4,ankara,188,188,188,188,0.0014094,0.0580476,0.2217836,1,1,1,0,59,60,60,0.0078356,9,0.0478786,0.200629,0.0005919,0.0136843
488,adressa=5_ballot=4,5,923,4,noord-brabant,188,188,188,188,0.0010898,0.0517575,0.1252168,1,1,1,0,30,31,31,0.0055452,5,0.0449103,0.111311,0.0003302,0.0096662
489,adressa=5_ballot=4,5,923,4,yangon,188,188,188,188,0.0007621,0.0360355,0.105765,1,1,1,0,30,31,31,0.0054881,5,0.0292529,0.0970933,0.0003291,0.0051323
492,adressa=5_ballot=4,5,923,4,vizcaya,188,188,188,188,0.0007422,0.0395826,0.1290503,1,1,1,0,30,31,31,0.0053955,5,0.0329169,0.1185071,0.0003113,0.0059022
493,adressa=5_ballot=4,5,923,4,northamptonshire,291,291,291,291,0.0011909,0.0357234,0.1126356,1,1,1,0,31,32,32,0.0053811,6,0.0281407,0.1034913,0.0004945,0.0053314
495,adressa=5_ballot=4,5,923,4,federacija bosna i hercegovina,188,188,188,188,0.0007392,0.0321425,0.1086624,1,1,1,0,30,31,31,0.0054021,5,0.0255583,0.0990537,0.0002976,0.0056848
496,adressa=5_ballot=4,5,923,4,maryland,291,291,291,291,0.0007781,0.055115,0.120823,1,1,1,0,31,32,32,0.008061,6,0.0456592,0.107912,0.000348,0.0083253
497,adressa=5_ballot=4,5,923,4,denmark,188,188,188,188,0.0008762,0.0394678,0.1057859,1,1,1,0,30,31,31,0.0064226,5,0.0315477,0.0968512,0.0003641,0.0054198
498,adressa=5_ballot=4,5,923,4,laanemaa,420,420,420,420,0.0007153,0.036436,0.1144615,1,1,1,0,31,32,32,0.0048342,6,0.0301385,0.107034,0.0002905,0.0040155
499,adressa=5_ballot=4,5,923,4,distrito capital,291,291,291,291,0.0007606,0.0400513,0.1143045,1,1,1,0,31,32,32,0.0060815,6,0.032732,0.1024727,0.0003289,0.0063213
500,adressa=5_ballot=4,5,923,4,perth and kinross,265,265,265,265,0.0007241,0.0262816,0.1141649,1,1,1,0,30,31,31,0.0035524,5,0.0215671,0.1048326,0.000298,0.0054482
501,adressa=5_ballot=4,5,923,4,dolnoslaskie,188,188,188,188,0.0007235,0.0400226,0.10191,1,1,1,0,30,31,31,0.005991,5,0.032373,0.0935498,0.0002982,0.0042118
503,adressa=5_ballot=4,5,923,4,zeeland,265,265,265,265,0.0007295,0.0547059,0.1261073,1,1,1,0,30,31,31,0.0066106,5,0.0464631,0.1168312,0.0002995,0.0049472
504,adressa=5_ballot=4,5,923,4,salzburg,420,420,420,420,0.0007829,0.0352051,0.1218002,1,1,1,0,31,32,32,0.0039862,6,0.0296168,0.1122675,0.0003183,0.0048338
505,adressa=5_ballot=4,5,923,4,seoul teugbyeol-si,188,188,188,188,0.0025743,0.0835642,0.1251816,1,1,1,0,30,31,31,0.0120486,5,0.0674772,0.1127597,0.0010633,0.0071762
506,adressa=5_ballot=4,5,923,4,hofudborgarsvaedi,265,265,265,265,0.000879,0.0563476,0.113034,1,1,1,0,30,31,31,0.0063108,5,0.0484564,0.1011013,0.000378,0.0074137
514,adressa=6_ballot=4,6,1515,4,connecticut,324,324,324,324,0.0039701,0.3717821,0.787971,1,1,1,0,153,154,154,0.0636581,14,0.3010732,0.6953247,0.0016725,0.0648995
519,adressa=6_ballot=4,6,1515,4,virginia,511,511,511,511,0.0060322,0.6469001,1.0393339,1,1,1,0,199,200,200,0.101174,25,0.5367095,0.9274911,0.0018033,0.0744641
521,adressa=6_ballot=4,6,1515,4,massachusetts,576,576,212,212,0.0041976,0.3942675,0.6890454,1,1,0,0,159,160,160,0.0671019,17,0.3201212,0.6091935,0.0016701,0.056009
522,adressa=6_ballot=4,6,1515,4,new hampshire,812,812,723,723,0.0017246,0.2808887,0.5133688,1,1,0,0,96,97,97,0.0399055,13,0.2370721,0.4549644,0.0010695,0.0382446
526,adressa=6_ballot=4,6,1515,4,rio grande do norte,324,324,324,324,0.006815,0.7179251,1.0784487,1,1,1,0,224,225,225,0.1216479,20,0.5816765,0.9472392,0.0050013,0.0948672
535,adressa=6_ballot=4,6,1515,4,georgia,511,511,511,511,0.0017801,0.3062565,0.4807914,1,1,1,0,101,102,102,0.0496373,13,0.2530267,0.431454,0.0007533,0.0325071
542,adressa=6_ballot=4,6,1515,4,faro,511,511,511,511,0.0040703,0.5533622,1.1901104,1,1,1,0,199,200,200,0.0879386,25,0.4525874,1.0676801,0.0037063,0.0823446
550,adressa=6_ballot=4,6,1515,4,capital federal,511,511,511,511,0.0029637,0.3512249,0.5226048,1,1,1,0,101,102,102,0.0536627,13,0.2930221,0.4618196,0.0008552,0.0413455
551,adressa=6_ballot=4,6,1515,4,bruxelles-capitale,576,576,561,561,0.0019862,0.3359074,0.5529923,1,1,0,0,115,116,116,0.0483912,16,0.2833979,0.5004491,0.0007707,0.0348637
553,adressa=6_ballot=4,6,1515,4,granada,511,511,511,511,0.0030322,0.3000372,0.4635208,1,1,1,0,101,102,102,0.0455798,13,0.2507546,0.4119669,0.0007753,0.0359192
556,adressa=6_ballot=4,6,1515,4,valladolid,511,511,511,511,0.0019375,0.3067895,0.4839672,1,1,1,0,101,102,102,0.0440395,13,0.2574855,0.4328001,0.0017827,0.0346281
557,adressa=6_ballot=4,6,1515,4,worcestershire,812,812,723,723,0.0031384,0.2793127,0.4957692,1,1,0,0,96,97,97,0.0436908,13,0.2320961,0.4438989,0.0006828,0.0333185
560,adressa=6_ballot=4,6,1515,4,victoria,511,511,511,511,0.0033276,0.3227471,0.5088152,1,1,1,0,101,102,102,0.0522532,13,0.2667832,0.457557,0.000707,0.0337187
563,adressa=6_ballot=4,6,1515,4,manila,511,511,212,212,0.0051713,0.5415061,0.9395653,1,1,0,0,215,216,216,0.093048,19,0.4392708,0.8205048,0.002307,0.0870195
564,adressa=6_ballot=4,6,1515,4,western australia,812,812,723,723,0.0016712,0.300623,0.4675746,1,1,0,0,96,97,97,0.0461391,13,0.2509394,0.4175198,0.0006948,0.0334131
575,adressa=6_ballot=4,6,1515,4,chon buri,812,812,212,212,0.0087459,0.7039093,1.104637,1,1,0,0,220,221,221,0.129468,19,0.5572764,0.9419495,0.0035048,0.1213652
576,adressa=6_ballot=4,6,1515,4,milton keynes,324,324,324,324,0.003615,0.5031659,0.7664421,1,1,1,0,165,166,166,0.088685,16,0.4046217,0.6725188,0.0034202,0.0683588
577,adressa=6_ballot=4,6,1515,4,minnesota,511,511,511,511,0.0032821,0.2719435,0.5417333,1,1,1,0,101,102,102,0.0411741,13,0.2273929,0.4838837,0.0007575,0.0350732
579,adressa=6_ballot=4,6,1515,4,sheffield,576,576,561,561,0.0020803,0.3335104,0.6624196,1,1,0,0,115,116,116,0.0504803,16,0.2788106,0.5973157,0.0008421,0.0434599
580,adressa=6_ballot=4,6,1515,4,ho chi minh,511,511,511,511,0.0059333,0.3464599,0.5533912,1,1,1,0,101,102,102,0.0578019,13,0.2786864,0.4943949,0.0026693,0.0399845
581,adressa=6_ballot=4,6,1515,4,schleswig-holstein,511,511,511,511,0.0021061,0.2724231,0.5013307,1,1,1,0,101,102,102,0.0412827,13,0.2264204,0.4499107,0.000757,0.0357702
583,adressa=6_ballot=4,6,1515,4,san pawl il bahar,511,511,511,511,0.0019863,0.2797042,0.4509435,1,1,1,0,101,102,102,0.0452786,13,0.2306877,0.4037579,0.0008557,0.0324225
585,adressa=6_ballot=4,6,1515,4,zug,511,511,511,511,0.0019059,0.2926715,0.5242239,1,1,1,0,101,102,102,0.044025,13,0.244455,0.4679734,0.0012399,0.038275
589,adressa=6_ballot=4,6,1515,4,aichi,576,576,561,561,0.0016703,0.354088,0.6564682,1,1,0,0,115,116,116,0.0528116,16,0.2973492,0.5887575,0.0009434,0.0442037
592,adressa=6_ballot=4,6,1515,4,oaxaca,812,812,723,723,0.0021352,0.3866317,0.4842942,1,1,0,0,96,97,97,0.0635794,13,0.3161654,0.4252229,0.0019243,0.0391666
593,adressa=6_ballot=4,6,1515,4,rayong,511,511,511,511,0.0050785,0.3214538,0.6042338,1,1,1,0,101,102,102,0.0490816,13,0.2645197,0.5388346,0.0015984,0.0452196
594,adressa=6_ballot=4,6,1515,4,nakhon si thammarat,324,324,324,324,0.0061072,0.5939487,1.1235203,1,1,1,0,224,225,225,0.1050943,20,0.4790728,0.9783171,0.0024609,0.099951
596,adressa=6_ballot=4,6,1515,4,central,576,576,212,212,0.0073297,0.5072262,0.706842,1,1,0,0,159,160,160,0.0867177,17,0.4131907,0.6254009,0.0015953,0.0578613
600,adressa=6_ballot=4,6,1515,4,bali,511,511,511,511,0.0033426,0.3758448,0.5039176,1,1,1,0,101,102,102,0.0579069,13,0.3117345,0.4487934,0.0019019,0.0381286
602,adressa=6_ballot=4,6,1515,4,phrae,511,511,212,212,0.0081999,0.558,0.9418634,1,1,0,0,215,216,216,0.0954924,19,0.4536352,0.825515,0.0020718,0.0843828
607,adressa=6_ballot=4,6,1515,4,australian capital territory,511,511,511,511,0.0020575,0.3419417,0.5382962,1,1,1,0,101,102,102,0.0491173,13,0.28783,0.4800868,0.000862,0.039564
609,adressa=6_ballot=4,6,1515,4,morelos,576,576,561,561,0.0063767,0.4396122,0.6606241,1,1,0,0,115,116,116,0.0698775,16,0.3583511,0.5846936,0.0032609,0.0537685
610,adressa=6_ballot=4,6,1515,4,ha noi,324,324,324,324,0.0075644,0.6485811,1.1082756,1,1,1,0,224,225,225,0.115456,20,0.5178068,0.9662107,0.0044444,0.1031807
611,adressa=6_ballot=4,6,1515,4,arizona,576,576,561,561,0.0016699,0.3623885,0.5547123,1,1,0,0,115,116,116,0.0545786,16,0.3043169,0.4980574,0.0006988,0.0383758
612,adressa=6_ballot=4,6,1515,4,songkhla,576,576,561,561,0.0018181,0.3556825,0.5711451,1,1,0,0,115,116,116,0.0505532,16,0.3005966,0.5146249,0.0009581,0.0379389
613,adressa=6_ballot=4,6,1515,4,tarlac,511,511,511,511,0.0020597,0.3584516,0.5007571,1,1,1,0,101,102,102,0.0543316,13,0.2997441,0.4430874,0.0008508,0.0390479
615,adressa=6_ballot=4,6,1515,4,pattaya,511,511,511,511,0.0068455,0.3374183,0.5125178,1,1,1,0,101,102,102,0.050986,13,0.2809345,0.4499225,0.0011585,0.0434185
616,adressa=6_ballot=4,6,1515,4,colorado,511,511,511,511,0.0016994,0.2702806,0.5035164,1,1,1,0,101,102,102,0.0388655,13,0.2282065,0.4512542,0.0006942,0.0350437
618,adressa=6_ballot=4,6,1515,4,yilan county,511,511,511,511,0.0016922,0.2373245,0.4911355,1,1,1,0,101,102,102,0.0370518,13,0.1970565,0.4395961,0.0007173,0.0358897
620,adressa=6_ballot=4,6,1515,4,michigan,511,511,511,511,0.0059432,0.3297081,0.4851791,1,1,1,0,101,102,102,0.0474072,13,0.2766779,0.4360351,0.0009027,0.0339964
621,adressa=6_ballot=4,6,1515,4,masqat,511,511,511,511,0.0044657,0.3349997,0.5371757,1,1,1,0,101,102,102,0.0514573,13,0.2789928,0.4742092,0.0008568,0.0447685
623,adressa=6_ballot=4,6,1515,4,basnahira palata,511,511,511,511,0.0041644,0.3474406,0.525167,1,1,1,0,101,102,102,0.052933,13,0.286862,0.4570422,0.0019259,0.0466622
627,adressa=6_ballot=4,6,1515,4,nova scotia,511,511,511,511,0.0034415,0.3483873,0.5058777,1,1,1,0,101,102,102,0.0551182,13,0.2892966,0.4543958,0.0007787,0.0347395
630,adressa=6_ballot=4,6,1515,4,wielkopolskie,511,511,511,511,0.0019174,0.3101183,0.5079016,1,1,1,0,101,102,102,0.0436535,13,0.2604479,0.4512473,0.0015771,0.0387107
632,adressa=6_ballot=4,6,1515,4,oklahoma,324,324,324,324,0.0033465,0.4983464,0.864746,1,1,1,0,165,166,166,0.0861232,16,0.4044967,0.7644666,0.001608,0.0722984
633,adressa=6_ballot=4,6,1515,4,zurich,511,511,511,511,0.0052366,0.6547387,1.0654667,1,1,1,0,199,200,200,0.1047859,25,0.541875,0.9473118,0.0016156,0.0830279
637,adressa=6_ballot=4,6,1515,4,hallands lan,324,324,212,212,0.0104639,0.7252718,1.30749,1,1,0,0,280,281,281,0.1310762,24,0.5806455,1.1459933,0.0047132,0.1187129
639,adressa=6_ballot=4,6,1515,4,dublin,812,812,511,511,0.0050798,0.9316523,1.4863223,1,1,0,0,269,270,270,0.1413239,33,0.7792588,1.3244658,0.0020884,0.1117909
641,adressa=6_ballot=4,6,1515,4,burgos,511,511,511,511,0.0028251,0.3283217,0.4955268,1,1,1,0,101,102,102,0.0559317,13,0.2681962,0.4455405,0.0008268,0.0339873
643,adressa=6_ballot=4,6,1515,4,gloucestershire,576,576,561,561,0.0039465,0.3655544,0.5590319,1,1,0,0,115,116,116,0.0543662,16,0.3071158,0.5039741,0.0008409,0.0358055
648,adressa=6_ballot=4,6,1515,4,norrbottens lan,324,324,324,324,0.0036905,0.4857383,0.8871634,1,1,1,0,165,166,166,0.0849483,16,0.3899935,0.7953221,0.0045693,0.06453
649,adressa=6_ballot=4,6,1515,4,murcia,812,812,212,212,0.0099406,0.8922155,1.366228,1,1,0,0,285,286,286,0.164852,24,0.6951845,1.1776444,0.0075525,0.1404418
651,adressa=6_ballot=4,6,1515,4,bagmati,576,576,561,561,0.001665,0.3329004,0.6055384,1,1,0,0,115,116,116,0.0446835,16,0.284713,0.5379756,0.0006923,0.0485448
652,adressa=6_ballot=4,6,1515,4,zuid-holland,812,812,511,511,0.0049033,0.905684,1.5019472,1,1,0,0,269,270,270,0.1422269,33,0.7521844,1.3339293,0.0020905,0.1195995
653,adressa=6_ballot=4,6,1515,4,ostrobothnia,511,511,511,511,0.0071991,0.5754892,0.9722871,1,1,1,0,199,200,200,0.0947413,25,0.4671413,0.8679587,0.0037635,0.0728097
657,adressa=6_ballot=4,6,1515,4,varna,812,812,723,723,0.0032336,0.2940051,0.4774233,1,1,0,0,96,97,97,0.0398424,13,0.2505399,0.4278395,0.0007177,0.0345474
658,adressa=6_ballot=4,6,1515,4,dubayy,511,511,511,511,0.0016976,0.3111542,0.5675074,1,1,1,0,101,102,102,0.0486965,13,0.2582799,0.5058541,0.0011846,0.043403
665,adressa=6_ballot=4,6,1515,4,oxfordshire,812,812,723,723,0.0027526,0.3206139,0.5973103,1,1,0,0,96,97,97,0.0476095,13,0.2691057,0.53322,0.0007156,0.046515
668,adressa=6_ballot=4,6,1515,4,vastmanlands lan,812,812,723,723,0.0050471,0.3049371,0.4737948,1,1,0,0,96,97,97,0.0510347,13,0.2464167,0.4259871,0.0023405,0.0316543
669,adressa=6_ballot=4,6,1515,4,salamanca,576,576,561,561,0.0019183,0.2845035,0.5681793,1,1,0,0,115,116,116,0.0418697,16,0.2389841,0.509127,0.0007986,0.0399589
672,adressa=6_ballot=4,6,1515,4,orebro lan,511,511,511,511,0.0083536,0.5403745,1.0638206,1,1,1,0,199,200,200,0.0899741,25,0.44222,0.9472187,0.0017127,0.081416
676,adressa=6_ballot=4,6,1515,4,latina,812,812,723,723,0.0018993,0.3576756,0.4775767,1,1,0,0,96,97,97,0.0526739,13,0.3006894,0.4219054,0.0007761,0.0354934
677,adressa=6_ballot=4,6,1515,4,united states,324,324,324,324,0.006319,0.7083205,1.0034338,1,1,1,0,224,225,225,0.1300784,20,0.5681086,0.8866271,0.0022574,0.0842633
678,adressa=6_ballot=4,6,1515,4,milano,576,576,561,561,0.0016726,0.3087734,0.6528265,1,1,0,0,115,116,116,0.0429547,16,0.2600182,0.5847349,0.0015398,0.0472932
679,adressa=6_ballot=4,6,1515,4,kastoria,511,511,511,511,0.0033051,0.2926831,0.5836722,1,1,1,0,101,102,102,0.0480883,13,0.2409573,0.5195065,0.0007029,0.0448553
680,adressa=6_ballot=4,6,1515,4,sofia-grad,576,576,561,561,0.0027554,0.3673246,0.5872611,1,1,0,0,115,116,116,0.0567758,16,0.3062225,0.528014,0.0008239,0.0390496
681,adressa=6_ballot=4,6,1515,4,parnumaa,324,324,324,324,0.0036103,0.4506317,0.7364349,1,1,1,0,153,154,154,0.0796113,14,0.3564213,0.656518,0.0048563,0.0586561
685,adressa=6_ballot=4,6,1515,4,uppsala lan,812,812,324,324,0.0049346,0.5932338,0.9917234,1,1,0,0,210,211,211,0.0881955,24,0.4931242,0.886885,0.0045954,0.0712866
688,adressa=6_ballot=4,6,1515,4,liverpool,511,511,511,511,0.0021402,0.3924828,0.542663,1,1,1,0,101,102,102,0.0597022,13,0.3268721,0.478322,0.0017423,0.0425193
690,adressa=6_ballot=4,6,1515,4,limburg,576,576,561,561,0.0057355,0.3977899,0.6067435,1,1,0,0,115,116,116,0.0640387,16,0.3248351,0.5453326,0.0022496,0.0414853
691,adressa=6_ballot=4,6,1515,4,moskva,576,576,561,561,0.0018746,0.3467885,0.5612587,1,1,0,0,115,116,116,0.0524829,16,0.2901732,0.5055256,0.0008901,0.0380584
697,adressa=6_ballot=4,6,1515,4,islas baleares,812,812,511,511,0.0057852,0.7200654,1.3640497,1,1,0,0,269,270,270,0.113297,33,0.5956244,1.2117905,0.0023677,0.1080598
698,adressa=6_ballot=4,6,1515,4,zachodniopomorskie,212,212,212,212,0.0019301,0.2793449,0.4420841,1,1,1,0,88,89,89,0.0498663,9,0.225254,0.3971571,0.0007887,0.0306141
699,adressa=6_ballot=4,6,1515,4,khon kaen,511,511,511,511,0.008404,0.6388617,0.9589101,1,1,1,0,199,200,200,0.1016642,25,0.5214973,0.8547251,0.0044082,0.0727273
707,adressa=6_ballot=4,6,1515,4,noord-brabant,324,324,212,212,0.0048644,0.525843,0.9845987,1,1,0,0,196,197,197,0.0837278,22,0.4351429,0.8783475,0.0014765,0.0762582
708,adressa=6_ballot=4,6,1515,4,braila,576,576,561,561,0.0037637,0.3991241,0.6411623,1,1,0,0,115,116,116,0.0601852,16,0.3342972,0.5771359,0.0007829,0.0430415
712,adressa=6_ballot=4,6,1515,4,central finland,511,511,511,511,0.0019024,0.3018042,0.5638841,1,1,1,0,101,102,102,0.0478244,13,0.2496544,0.5029879,0.0007873,0.0422959
714,adressa=6_ballot=4,6,1515,4,nidwalden,511,511,511,511,0.0027057,0.2915019,0.4904169,1,1,1,0,101,102,102,0.0453217,13,0.2407283,0.4363877,0.0015008,0.0371062
717,adressa=6_ballot=4,6,1515,4,stockton-on-tees,812,812,723,723,0.0022026,0.2214074,0.4523836,1,1,0,0,96,97,97,0.0316924,13,0.1863154,0.4037583,0.0007176,0.032177
718,adressa=6_ballot=4,6,1515,4,solothurn,511,511,511,511,0.0016887,0.3077286,0.4614536,1,1,1,0,101,102,102,0.0468329,13,0.2556219,0.4162009,0.0016128,0.0299924
720,adressa=6_ballot=4,6,1515,4,sankt-peterburg,576,576,561,561,0.0035457,0.3655443,0.580789,1,1,0,0,115,116,116,0.0507965,16,0.3106934,0.5154988,0.0007564,0.0439203
722,adressa=6_ballot=4,6,1515,4,moray,511,511,511,511,0.0034211,0.3127994,0.5545148,1,1,1,0,101,102,102,0.0462198,13,0.26277,0.4893517,0.0007386,0.0428191
723,adressa=6_ballot=4,6,1515,4,guangdong,511,511,511,511,0.0016902,0.2560985,0.4962936,1,1,1,0,101,102,102,0.0410884,13,0.210537,0.4443527,0.0009541,0.0351213
728,adressa=6_ballot=4,6,1515,4,syddanmark,812,812,561,561,0.0039264,0.4725405,0.8623254,1,1,0,0,179,180,180,0.0748538,22,0.3906815,0.7702084,0.0016147,0.0636011
729,adressa=6_ballot=4,6,1515,4,bacs-kiskun,212,212,212,212,0.0017744,0.2337202,0.3975922,1,1,1,0,88,89,89,0.0365379,9,0.1940769,0.3518172,0.0007008,0.0319713
730,adressa=6_ballot=4,6,1515,4,espirito santo,576,576,561,561,0.0018449,0.3855874,0.6340749,1,1,0,0,115,116,116,0.0524801,16,0.3281639,0.5659323,0.0007618,0.0464932
731,adressa=6_ballot=4,6,1515,4,valle del cauca,212,212,212,212,0.0020298,0.2800262,0.4171702,1,1,1,0,88,89,89,0.0465083,9,0.2291323,0.3666212,0.0008531,0.0357351
732,adressa=6_ballot=4,6,1515,4,puerto rico,576,576,212,212,0.0041779,0.5569916,0.6961569,1,1,0,0,159,160,160,0.0942387,17,0.4487768,0.6160924,0.0038653,0.0578177
733,adressa=6_ballot=4,6,1515,4,huelva,511,511,511,511,0.001924,0.2820183,0.478698,1,1,1,0,101,102,102,0.0434619,13,0.2349057,0.4278342,0.000798,0.0351026
734,adressa=6_ballot=4,6,1515,4,venezia,212,212,212,212,0.0021276,0.2682593,0.3773634,1,1,1,0,88,89,89,0.047169,9,0.2173283,0.3318746,0.0007642,0.033234
737,adressa=6_ballot=4,6,1515,4,hammersmith and fulham,511,511,511,511,0.0018299,0.3310747,0.5499581,1,1,1,0,101,102,102,0.0493756,13,0.275561,0.4853878,0.0015601,0.0467814
738,adressa=6_ballot=4,6,1515,4,regiao autonoma da madeira,576,576,561,561,0.0017267,0.3395861,0.6931217,1,1,0,0,115,116,116,0.0515654,16,0.2838351,0.5998646,0.0010319,0.0676048
739,adressa=6_ballot=4,6,1515,4,quebec,511,511,511,511,0.0026059,0.2923435,0.5529701,1,1,1,0,101,102,102,0.0425274,13,0.2448696,0.4949531,0.0019092,0.0388745
741,adressa=6_ballot=4,6,1515,4,jonkopings lan,812,812,324,324,0.0081881,0.7263129,1.3748292,1,1,0,0,269,270,270,0.118677,28,0.5954659,1.193022,0.0030262,0.1330412
742,adressa=6_ballot=4,6,1515,4,chaiyaphum,511,511,511,511,0.0021906,0.3977596,0.5621659,1,1,1,0,101,102,102,0.0556242,13,0.3369599,0.5002076,0.0007351,0.0398589
743,adressa=6_ballot=4,6,1515,4,pontevedra,576,576,561,561,0.0125864,0.4236099,0.6556817,1,1,0,0,115,116,116,0.0745131,16,0.3373625,0.5866584,0.0027672,0.0468268
744,adressa=6_ballot=4,6,1515,4,veszprem city,212,212,212,212,0.0017329,0.2786673,0.417374,1,1,1,0,88,89,89,0.0464382,9,0.2284586,0.3642638,0.0007462,0.0374178
747,adressa=6_ballot=4,6,1515,4,rhode island,212,212,212,212,0.0018355,0.2493139,0.4887903,1,1,1,0,88,89,89,0.0400301,9,0.2055988,0.4315068,0.0007695,0.0379224
748,adressa=6_ballot=4,6,1515,4,bromley,576,576,561,561,0.0019444,0.4357268,0.8213898,1,1,0,0,115,116,116,0.0637387,16,0.3664311,0.7332452,0.0011806,0.0589227
749,adressa=6_ballot=4,6,1515,4,dodekanisos,511,511,212,212,0.0127371,0.9748231,1.3904332,1,1,0,0,187,188,188,0.1654072,19,0.7877756,1.1879072,0.0051299,0.153495
751,adressa=6_ballot=4,6,1515,4,region metro de santiago,576,576,561,561,0.0044798,0.5094837,0.6438664,1,1,0,0,115,116,116,0.0802341,16,0.4238606,0.5740064,0.0008989,0.0474791
752,adressa=6_ballot=4,6,1515,4,western cape,812,812,324,324,0.0053479,0.485619,0.7681265,1,1,0,0,139,140,140,0.0769415,18,0.3997965,0.684941,0.0022631,0.0541942
753,adressa=6_ballot=4,6,1515,4,pichincha,511,511,511,511,0.0018802,0.3515003,0.5884833,1,1,1,0,101,102,102,0.0500419,13,0.2970654,0.5180555,0.0007979,0.0474291
754,adressa=6_ballot=4,6,1515,4,wandsworth,324,324,324,324,0.0035749,0.3148692,0.5511297,1,1,1,0,94,95,95,0.0503788,10,0.2605655,0.4768229,0.0007673,0.0552182
755,adressa=6_ballot=4,6,1515,4,bristol,576,576,561,561,0.0027168,0.3655588,0.5755648,1,1,0,0,115,116,116,0.0544672,16,0.3050744,0.519288,0.0017598,0.0371476
757,adressa=6_ballot=4,6,1515,4,oregon,324,324,324,324,0.0021136,0.3058377,0.4438935,1,1,1,0,94,95,95,0.0485534,10,0.2529866,0.3949166,0.0013538,0.0348054
758,adressa=6_ballot=4,6,1515,4,delhi,324,324,324,324,0.0016793,0.2379558,0.4494392,1,1,1,0,94,95,95,0.0367381,10,0.1979778,0.4009201,0.0006867,0.0342143
760,adressa=6_ballot=4,6,1515,4,gelderland,324,324,212,212,0.0069069,0.6288664,0.9201062,1,1,0,0,196,197,197,0.1004743,22,0.518978,0.8188553,0.0033737,0.0710772
761,adressa=6_ballot=4,6,1515,4,ankara,324,324,324,324,0.0114702,0.4874959,0.7386185,1,1,1,0,153,154,154,0.0835052,14,0.3851184,0.6505987,0.004977,0.0635925
762,adressa=6_ballot=4,6,1515,4,yangon,324,324,324,324,0.0020271,0.2318479,0.4414654,1,1,1,0,94,95,95,0.037892,10,0.190362,0.3906205,0.0008074,0.0368236
765,adressa=6_ballot=4,6,1515,4,vizcaya,324,324,324,324,0.0018166,0.2653036,0.4486257,1,1,1,0,94,95,95,0.0434114,10,0.2168552,0.3977318,0.0016109,0.0357743
766,adressa=6_ballot=4,6,1515,4,northamptonshire,576,576,561,561,0.0016837,0.3031498,0.5775358,1,1,0,0,115,116,116,0.0479664,16,0.2502896,0.5224957,0.0015494,0.0367146
768,adressa=6_ballot=4,6,1515,4,federacija bosna i hercegovina,324,324,324,324,0.0021252,0.3499342,0.515682,1,1,1,0,94,95,95,0.0579454,10,0.2877516,0.4524797,0.0007664,0.0465104
769,adressa=6_ballot=4,6,1515,4,maryland,576,576,561,561,0.002276,0.3553426,0.6656586,1,1,0,0,115,116,116,0.0542893,16,0.2964253,0.5876888,0.0012245,0.0557714
770,adressa=6_ballot=4,6,1515,4,denmark,324,324,324,324,0.0018452,0.2906139,0.4957542,1,1,1,0,94,95,95,0.0434351,10,0.2424998,0.4400592,0.0009022,0.039635
771,adressa=6_ballot=4,6,1515,4,laanemaa,812,812,723,723,0.002073,0.2574357,0.4537682,1,1,0,0,96,97,97,0.0374662,13,0.2161008,0.4074256,0.0008222,0.0313279
772,adressa=6_ballot=4,6,1515,4,distrito capital,576,576,561,561,0.0053942,0.2746813,0.5985398,1,1,0,0,115,116,116,0.0376897,16,0.2331446,0.5389998,0.0007759,0.0410426
773,adressa=6_ballot=4,6,1515,4,perth and kinross,511,511,511,511,0.0035336,0.4373004,0.5647409,1,1,1,0,101,102,102,0.0676573,13,0.3652447,0.4962785,0.0008467,0.0500153
774,adressa=6_ballot=4,6,1515,4,dolnoslaskie,324,324,324,324,0.0024768,0.311052,0.4945081,1,1,1,0,94,95,95,0.0481883,10,0.2581232,0.4375349,0.0008798,0.0404937
776,adressa=6_ballot=4,6,1515,4,zeeland,511,511,511,511,0.003385,0.3476601,0.5332042,1,1,1,0,101,102,102,0.0562463,13,0.2874449,0.4787572,0.0007403,0.0379389
777,adressa=6_ballot=4,6,1515,4,salzburg,812,812,723,723,0.0019125,0.2665096,0.4951524,1,1,0,0,96,97,97,0.0381889,13,0.2241878,0.4458851,0.0014529,0.0330469
778,adressa=6_ballot=4,6,1515,4,seoul teugbyeol-si,324,324,324,324,0.0019955,0.2518939,0.4750237,1,1,1,0,94,95,95,0.0433886,10,0.2047809,0.4273267,0.0008066,0.0326152
779,adressa=6_ballot=4,6,1515,4,hofudborgarsvaedi,511,511,511,511,0.0019446,0.3305088,0.5877378,1,1,1,0,101,102,102,0.0513053,13,0.274166,0.5281902,0.0008599,0.04021
787,adressa=7_ballot=4,7,2356,4,connecticut,811,811,809,809,0.0129624,4.1396936,6.1822018,1,1,0,0,757,758,758,0.6375266,74,3.4800456,5.4715796,0.0033508,0.5213547
792,adressa=7_ballot=4,7,2356,4,virginia,1036,1036,910,910,0.0104889,4.3107231,6.1660301,1,1,0,0,748,749,749,0.6675741,74,3.609193,5.4551934,0.0086685,0.5276054
794,adressa=7_ballot=4,7,2356,4,massachusetts,1046,1046,288,288,0.012828,1.2985004,2.0593202,1,1,0,0,268,269,269,0.2270853,29,1.0569003,1.7631579,0.0028256,0.2244396
795,adressa=7_ballot=4,7,2356,4,new hampshire,1426,1426,1411,1411,0.0038895,1.8145448,3.0331982,1,1,0,0,363,364,364,0.2775516,32,1.5253243,2.6966814,0.0032854,0.2453078
799,adressa=7_ballot=4,7,2356,4,rio grande do norte,811,811,809,809,0.013077,5.689806,8.8528309,1,1,0,0,1058,1059,1059,0.8715138,98,4.7740727,7.8167595,0.0104222,0.7764924
808,adressa=7_ballot=4,7,2356,4,georgia,1036,1036,924,924,0.0032897,1.7788192,3.1351517,1,1,0,0,376,377,377,0.267341,38,1.5010173,2.7741829,0.0029745,0.2705318
815,adressa=7_ballot=4,7,2356,4,faro,1036,1036,910,910,0.0127205,5.8360579,8.9895768,1,1,0,0,1146,1147,1147,0.8918709,116,4.9091926,7.9968434,0.0085495,0.7311382
823,adressa=7_ballot=4,7,2356,4,capital federal,1036,1036,924,924,0.0032655,1.6999421,3.195995,1,1,0,0,376,377,377,0.2696303,38,1.4192195,2.8452289,0.0029805,0.255301
824,adressa=7_ballot=4,7,2356,4,bruxelles-capitale,1046,1046,910,910,0.0032814,2.0320526,3.1883769,1,1,0,0,412,413,413,0.3054706,44,1.7144093,2.8396351,0.001397,0.2522125
826,adressa=7_ballot=4,7,2356,4,granada,1036,1036,924,924,0.0034259,1.7935415,3.1666566,1,1,0,0,376,377,377,0.2681548,38,1.5160842,2.79971,0.0014406,0.2736632
829,adressa=7_ballot=4,7,2356,4,valladolid,1036,1036,924,924,0.005072,2.0700225,2.8791242,1,1,0,0,376,377,377,0.3009783,38,1.7581747,2.5315067,0.001467,0.2640016
830,adressa=7_ballot=4,7,2356,4,worcestershire,1426,1426,1411,1411,0.0041333,1.7045923,3.0368067,1,1,0,0,363,364,364,0.2589928,32,1.4363829,2.6915875,0.0013858,0.2572852
833,adressa=7_ballot=4,7,2356,4,victoria,1036,1036,924,924,0.0072932,4.1525837,6.6673215,1,1,0,0,785,786,786,0.6184451,82,3.5112629,5.9333733,0.004177,0.5356524
836,adressa=7_ballot=4,7,2356,4,manila,1036,1036,288,288,0.0402883,1.9392282,2.0620948,1,1,0,0,354,355,355,0.4022797,29,1.4801481,1.7334025,0.0137196,0.2613103
837,adressa=7_ballot=4,7,2356,4,western australia,1426,1426,1411,1411,0.0038496,1.7965981,2.9241141,1,1,0,0,363,364,364,0.2797351,32,1.5050145,2.5952961,0.0034803,0.2420066
848,adressa=7_ballot=4,7,2356,4,chon buri,1426,1426,288,288,0.0276016,1.8050982,1.9649414,1,1,0,0,311,312,312,0.3475641,29,1.4105064,1.6431615,0.0144625,0.255304
849,adressa=7_ballot=4,7,2356,4,milton keynes,811,811,809,809,0.0072922,3.6493382,5.9272463,1,1,0,0,757,758,758,0.551754,74,3.0741946,5.2359926,0.0064545,0.5140914
850,adressa=7_ballot=4,7,2356,4,minnesota,1036,1036,924,924,0.0036547,1.798165,3.1197337,1,1,0,0,376,377,377,0.2626172,38,1.5265028,2.7658026,0.0013543,0.2606971
852,adressa=7_ballot=4,7,2356,4,sheffield,1046,1046,910,910,0.0037188,2.1172251,3.1865302,1,1,0,0,412,413,413,0.3091029,44,1.7967708,2.8174305,0.0013695,0.2785929
853,adressa=7_ballot=4,7,2356,4,ho chi minh,1036,1036,924,924,0.0034519,1.7883676,3.0310933,1,1,0,0,376,377,377,0.2796516,38,1.4992998,2.7023393,0.0014572,0.2404184
854,adressa=7_ballot=4,7,2356,4,schleswig-holstein,1036,1036,924,924,0.0033189,1.8970676,2.9186412,1,1,0,0,376,377,377,0.3020663,38,1.5844934,2.6086858,0.0023073,0.2289364
856,adressa=7_ballot=4,7,2356,4,san pawl il bahar,1036,1036,924,924,0.0032532,1.8077369,3.1833202,1,1,0,0,376,377,377,0.2666789,38,1.5320727,2.8283523,0.0013501,0.260759
858,adressa=7_ballot=4,7,2356,4,zug,1036,1036,924,924,0.006403,1.7926233,2.8411518,1,1,0,0,376,377,377,0.2711236,38,1.5117892,2.5132834,0.0015443,0.2457483
862,adressa=7_ballot=4,7,2356,4,aichi,1046,1046,910,910,0.0067958,1.9775279,3.4106979,1,1,0,0,412,413,413,0.2935685,44,1.6726796,3.0422743,0.0027759,0.2690212
865,adressa=7_ballot=4,7,2356,4,oaxaca,1426,1426,1411,1411,0.0054132,1.8883274,2.6393919,1,1,0,0,363,364,364,0.2770055,32,1.6011101,2.3150331,0.0014662,0.241196
866,adressa=7_ballot=4,7,2356,4,rayong,1036,1036,924,924,0.0036001,1.8472822,3.1034682,1,1,0,0,376,377,377,0.2795797,38,1.5578916,2.7621027,0.0015358,0.2501108
867,adressa=7_ballot=4,7,2356,4,nakhon si thammarat,811,811,809,809,0.0126819,5.2794452,8.1147616,1,1,0,0,1058,1059,1059,0.80826,98,4.4272938,7.1887685,0.0104667,0.6901129
869,adressa=7_ballot=4,7,2356,4,central,1046,1046,288,288,0.0073726,1.2435613,2.1237701,1,1,0,0,268,269,269,0.2274304,29,1.0028432,1.8387211,0.0030395,0.2205858
873,adressa=7_ballot=4,7,2356,4,bali,1036,1036,924,924,0.0061791,1.9117968,2.9647313,1,1,0,0,376,377,377,0.3051077,38,1.5866961,2.6301419,0.0052747,0.2512942
875,adressa=7_ballot=4,7,2356,4,phrae,1036,1036,288,288,0.0143748,1.3876071,2.0514491,1,1,0,0,311,312,312,0.2735969,29,1.0901486,1.7508732,0.0083011,0.2343075
880,adressa=7_ballot=4,7,2356,4,australian capital territory,1036,1036,924,924,0.0078184,2.0100794,2.9786006,1,1,0,0,376,377,377,0.3037148,38,1.6933396,2.6568119,0.0027825,0.2372728
882,adressa=7_ballot=4,7,2356,4,morelos,1046,1046,910,910,0.0036082,1.9598532,3.5229901,1,1,0,0,412,413,413,0.2867278,44,1.6633535,3.1401905,0.0014997,0.2805411
883,adressa=7_ballot=4,7,2356,4,ha noi,811,811,809,809,0.0270708,5.2129109,8.401565,1,1,0,0,1058,1059,1059,0.8192122,98,4.3484708,7.4168219,0.0110713,0.7385222
884,adressa=7_ballot=4,7,2356,4,arizona,1046,1046,910,910,0.0041873,2.2971996,3.6852456,1,1,0,0,412,413,413,0.3299153,44,1.9553763,3.2685653,0.0013633,0.3048943
885,adressa=7_ballot=4,7,2356,4,songkhla,1046,1046,910,910,0.0061088,2.1249821,3.0327466,1,1,0,0,412,413,413,0.3071776,44,1.8073316,2.6906644,0.0014633,0.255143
886,adressa=7_ballot=4,7,2356,4,tarlac,1036,1036,924,924,0.0035334,1.7439106,3.2576861,1,1,0,0,376,377,377,0.2681161,38,1.4664956,2.9104926,0.0014826,0.2523019
888,adressa=7_ballot=4,7,2356,4,pattaya,1036,1036,924,924,0.0037486,1.8628016,2.6899378,1,1,0,0,376,377,377,0.270197,38,1.5819215,2.3823742,0.0016243,0.2287371
889,adressa=7_ballot=4,7,2356,4,colorado,1036,1036,924,924,0.00436,1.7815185,3.2420236,1,1,0,0,376,377,377,0.2640779,38,1.5083038,2.8833809,0.0013857,0.2630752
891,adressa=7_ballot=4,7,2356,4,yilan county,1036,1036,924,924,0.0032966,1.9026391,2.8756644,1,1,0,0,376,377,377,0.30367,38,1.5892714,2.552046,0.0013722,0.2423344
893,adressa=7_ballot=4,7,2356,4,michigan,1036,1036,924,924,0.0069793,4.2061089,6.1064396,1,1,0,0,785,786,786,0.6131098,82,3.5683086,5.4223938,0.0029414,0.5095497
894,adressa=7_ballot=4,7,2356,4,masqat,1036,1036,924,924,0.0036968,1.8112135,3.4774677,1,1,0,0,376,377,377,0.282459,38,1.5192767,3.0686208,0.0014999,0.3072962
896,adressa=7_ballot=4,7,2356,4,basnahira palata,1036,1036,924,924,0.0040152,1.9213837,3.0286512,1,1,0,0,376,377,377,0.2852953,38,1.6252168,2.6726161,0.0017466,0.2676746
900,adressa=7_ballot=4,7,2356,4,nova scotia,1036,1036,924,924,0.0044679,1.8371405,3.323147,1,1,0,0,376,377,377,0.2854101,38,1.5418154,2.9413019,0.0016312,0.2853568
903,adressa=7_ballot=4,7,2356,4,wielkopolskie,1036,1036,924,924,0.0035036,1.9654705,2.640102,1,1,0,0,376,377,377,0.2787585,38,1.6762364,2.3399226,0.0015496,0.2230065
905,adressa=7_ballot=4,7,2356,4,oklahoma,811,811,809,809,0.0079687,3.5408132,6.7996913,1,1,0,0,757,758,758,0.5562126,74,2.9650369,5.9837979,0.0031746,0.6210352
906,adressa=7_ballot=4,7,2356,4,zurich,1036,1036,910,910,0.0147007,5.5053124,8.0901921,1,1,0,0,1146,1147,1147,0.8103156,116,4.6540434,7.2165,0.008475,0.6393019
910,adressa=7_ballot=4,7,2356,4,hallands lan,811,811,288,288,0.0187163,1.8910376,2.2176261,1,1,0,0,374,375,375,0.4158141,29,1.4396469,1.8579184,0.009953,0.2898201
913,adressa=7_ballot=4,7,2356,4,dublin,1426,1426,910,910,0.0167238,3.9826658,6.5180136,1,1,0,0,905,906,906,0.6531919,74,3.3003971,5.7548359,0.0087163,0.5767701
915,adressa=7_ballot=4,7,2356,4,burgos,1036,1036,924,924,0.0039841,1.5910489,2.8002329,1,1,0,0,376,377,377,0.2434881,38,1.3380014,2.4879948,0.0019618,0.2297752
917,adressa=7_ballot=4,7,2356,4,gloucestershire,1046,1046,910,910,0.0059884,2.1322146,2.9899707,1,1,0,0,412,413,413,0.3414296,44,1.7748583,2.6671472,0.0044718,0.2364308
922,adressa=7_ballot=4,7,2356,4,norrbottens lan,811,811,809,809,0.0064287,3.2772958,5.5959147,1,1,0,0,757,758,758,0.5085411,74,2.7519591,4.973164,0.0026738,0.4599586
923,adressa=7_ballot=4,7,2356,4,murcia,1426,1426,288,288,0.0306868,1.5823812,2.1192287,1,1,0,0,374,375,375,0.3402261,29,1.196598,1.775835,0.0153606,0.2730596
924,adressa=7_ballot=4,7,2356,4,niedersachsen,1068,1068,1054,1054,0.0036711,2.7456674,3.5613064,1,1,0,0,483,484,484,0.3798954,56,2.3515752,3.1992622,0.0015338,0.2600469
927,adressa=7_ballot=4,7,2356,4,bagmati,1046,1046,910,910,0.0042348,1.705573,3.1975827,1,1,0,0,412,413,413,0.239764,44,1.4569703,2.8457326,0.0013527,0.2539466
928,adressa=7_ballot=4,7,2356,4,zuid-holland,1426,1426,910,910,0.0145992,5.8747869,9.3139966,1,1,0,0,1303,1304,1304,0.9387808,116,4.8813917,8.2304256,0.0129309,0.7989318
929,adressa=7_ballot=4,7,2356,4,ostrobothnia,1036,1036,910,910,0.01461,5.707005,8.2855319,1,1,0,0,1146,1147,1147,0.863047,116,4.8110228,7.3676298,0.0045468,0.671588
934,adressa=7_ballot=4,7,2356,4,varna,1426,1426,1411,1411,0.0036211,1.6203704,2.6357835,1,1,0,0,363,364,364,0.2424341,32,1.3676561,2.3443406,0.0030692,0.2146036
935,adressa=7_ballot=4,7,2356,4,dubayy,1036,1036,924,924,0.0037884,2.0046406,2.7109515,1,1,0,0,376,377,377,0.3081647,38,1.6825936,2.40817,0.002951,0.2246227
941,adressa=7_ballot=4,7,2356,4,oxfordshire,1426,1426,1411,1411,0.0032474,1.5565013,2.8562113,1,1,0,0,363,364,364,0.2322607,32,1.3161087,2.5424338,0.0014777,0.2302599
943,adressa=7_ballot=4,7,2356,4,vastmanlands lan,1426,1426,1411,1411,0.0051466,1.6375621,2.6430816,1,1,0,0,363,364,364,0.2560731,32,1.372032,2.3471611,0.0014525,0.2203892
944,adressa=7_ballot=4,7,2356,4,salamanca,1046,1046,910,910,0.0032703,1.7583446,3.2746124,1,1,0,0,412,413,413,0.2637629,44,1.4859352,2.9192829,0.0014098,0.2588903
947,adressa=7_ballot=4,7,2356,4,orebro lan,1036,1036,910,910,0.0068634,3.5161256,5.4628593,1,1,0,0,748,749,749,0.5257715,74,2.9607455,4.8635622,0.0075262,0.4421112
949,adressa=7_ballot=4,7,2356,4,kronobergs lan,1068,1068,1054,1054,0.0059918,2.3934694,3.744902,1,1,0,0,483,484,484,0.3374865,56,2.0448134,3.3700132,0.001349,0.2654901
953,adressa=7_ballot=4,7,2356,4,latina,1426,1426,1411,1411,0.0039783,1.7459983,2.6881676,1,1,0,0,363,364,364,0.2785737,32,1.4568561,2.3926457,0.0021089,0.2187398
954,adressa=7_ballot=4,7,2356,4,united states,811,811,809,809,0.0096011,4.7325354,7.3562872,1,1,0,0,1058,1059,1059,0.7042603,98,4.0020577,6.4964708,0.0043533,0.642802
955,adressa=7_ballot=4,7,2356,4,milano,1046,1046,910,910,0.0039728,2.0579866,2.9816847,1,1,0,0,412,413,413,0.2944539,44,1.7511283,2.6635623,0.0027925,0.2331194
956,adressa=7_ballot=4,7,2356,4,kastoria,1036,1036,924,924,0.0072661,1.8776312,2.6151861,1,1,0,0,376,377,377,0.297273,38,1.5650518,2.3302369,0.0037825,0.2075967
957,adressa=7_ballot=4,7,2356,4,sofia-grad,1046,1046,910,910,0.0077988,2.1892261,2.9159991,1,1,0,0,412,413,413,0.3458939,44,1.82746,2.6106331,0.001684,0.2227734
958,adressa=7_ballot=4,7,2356,4,parnumaa,811,811,809,809,0.0070932,3.263864,5.7279631,1,1,0,0,757,758,758,0.4811879,74,2.7642321,5.0647249,0.0031417,0.4915519
962,adressa=7_ballot=4,7,2356,4,uppsala lan,1426,1426,809,809,0.0243768,5.4845527,8.2694076,1,1,0,0,1199,1200,1200,0.8767811,104,4.5725728,7.2930109,0.0056442,0.7288279
965,adressa=7_ballot=4,7,2356,4,liverpool,1036,1036,924,924,0.007067,1.8634886,2.6685035,1,1,0,0,376,377,377,0.2964293,38,1.5570219,2.376796,0.0014611,0.2160784
967,adressa=7_ballot=4,7,2356,4,limburg,1046,1046,910,910,0.0036774,1.6359143,3.302742,1,1,0,0,412,413,413,0.2380569,44,1.3889364,2.960455,0.0015589,0.2454548
968,adressa=7_ballot=4,7,2356,4,moskva,1046,1046,910,910,0.0033199,1.9392125,2.9240743,1,1,0,0,412,413,413,0.2870509,44,1.6425231,2.6121388,0.0015078,0.2297605
974,adressa=7_ballot=4,7,2356,4,islas baleares,1426,1426,910,910,0.010949,4.2578766,6.2299395,1,1,0,0,905,906,906,0.6784599,74,3.5496906,5.4871179,0.0040486,0.5590489
975,adressa=7_ballot=4,7,2356,4,zachodniopomorskie,288,288,288,288,0.0063718,0.1453046,0.1427312,1,1,1,0,29,67,67,0.0696118,0,0.0672454,0.0734918,0.0029602,0.0638035
976,adressa=7_ballot=4,7,2356,4,khon kaen,1036,1036,910,910,0.0065361,3.9060254,5.2171003,1,1,0,0,748,749,749,0.5847172,74,3.3009677,4.6385557,0.0028583,0.4317831
984,adressa=7_ballot=4,7,2356,4,noord-brabant,811,811,288,288,0.0144575,1.5557629,1.7629349,1,1,0,0,288,289,289,0.3009776,29,1.2211134,1.5168887,0.0087076,0.1864419
985,adressa=7_ballot=4,7,2356,4,braila,1046,1046,910,910,0.0037694,2.0604691,3.0901218,1,1,0,0,412,413,413,0.3221801,44,1.7239434,2.7564267,0.0033307,0.2445208
989,adressa=7_ballot=4,7,2356,4,central finland,1036,1036,924,924,0.0070721,1.7571337,2.7396791,1,1,0,0,376,377,377,0.2793872,38,1.4664121,2.4326894,0.0029126,0.2281393
991,adressa=7_ballot=4,7,2356,4,nidwalden,1036,1036,924,924,0.003273,1.6642881,2.8516387,1,1,0,0,376,377,377,0.2417381,38,1.4108347,2.5419046,0.0029773,0.2279593
993,adressa=7_ballot=4,7,2356,4,stockton-on-tees,1426,1426,1411,1411,0.0062289,1.6835457,2.6204379,1,1,0,0,363,364,364,0.2591707,32,1.4141003,2.3302308,0.0016111,0.2164852
994,adressa=7_ballot=4,7,2356,4,solothurn,1036,1036,924,924,0.0032681,1.5505053,3.0412296,1,1,0,0,376,377,377,0.2314041,38,1.3108932,2.7080168,0.0013512,0.2455826
996,adressa=7_ballot=4,7,2356,4,sankt-peterburg,1046,1046,910,910,0.0042579,1.9471347,2.8644267,1,1,0,0,412,413,413,0.2867661,44,1.6503014,2.5508812,0.0016107,0.2286368
999,adressa=7_ballot=4,7,2356,4,moray,1036,1036,924,924,0.0032516,1.6742047,3.0096318,1,1,0,0,376,377,377,0.2554986,38,1.4081536,2.6856027,0.0031498,0.2405419
1000,adressa=7_ballot=4,7,2356,4,guangdong,1036,1036,924,924,0.0071464,1.7224505,2.7082843,1,1,0,0,376,377,377,0.2654634,38,1.447105,2.4102403,0.0017043,0.220102
1004,adressa=7_ballot=4,7,2356,4,syddanmark,1426,1426,910,910,0.0064757,2.477462,4.0752697,1,1,0,0,569,570,570,0.3978762,44,2.0598258,3.5851627,0.0061411,0.3719017
1005,adressa=7_ballot=4,7,2356,4,bacs-kiskun,288,288,288,288,0.0032579,0.168247,0.1403815,1,1,1,0,29,67,67,0.0841401,0,0.0779594,0.0701645,0.0025005,0.0645946
1006,adressa=7_ballot=4,7,2356,4,espirito santo,1046,1046,910,910,0.0032948,2.087854,2.8298839,1,1,0,0,412,413,413,0.308543,44,1.7667677,2.5238235,0.0030177,0.2222376
1007,adressa=7_ballot=4,7,2356,4,valle del cauca,288,288,288,288,0.0091589,0.1812505,0.1555645,1,1,1,0,29,67,67,0.0869168,0,0.0818466,0.077808,0.0030529,0.0697962
1008,adressa=7_ballot=4,7,2356,4,puerto rico,1046,1046,288,288,0.0164672,1.5205459,2.0182406,1,1,0,0,311,312,312,0.2712262,29,1.2254829,1.6964564,0.0040006,0.2563345
1009,adressa=7_ballot=4,7,2356,4,huelva,1036,1036,924,924,0.003278,1.8143277,2.4876782,1,1,0,0,376,377,377,0.2652934,38,1.5397193,2.2122023,0.0013872,0.2035591
1010,adressa=7_ballot=4,7,2356,4,venezia,288,288,288,288,0.0062437,0.1386665,0.135349,1,1,1,0,29,67,67,0.0661512,0,0.0674942,0.0699388,0.0013878,0.060302
1013,adressa=7_ballot=4,7,2356,4,hammersmith and fulham,1036,1036,924,924,0.0036437,1.6683657,2.9247699,1,1,0,0,376,377,377,0.2519264,38,1.4072716,2.6107634,0.0015705,0.2294505
1014,adressa=7_ballot=4,7,2356,4,regiao autonoma da madeira,1046,1046,910,910,0.0035958,1.944765,3.0645974,1,1,0,0,412,413,413,0.3031261,44,1.6287532,2.7399852,0.0023496,0.2368768
1015,adressa=7_ballot=4,7,2356,4,quebec,1036,1036,924,924,0.0032769,1.7083552,3.0114033,1,1,0,0,376,377,377,0.2517058,38,1.4472503,2.6841493,0.0015459,0.2415543
1017,adressa=7_ballot=4,7,2356,4,jonkopings lan,1426,1426,809,809,0.0136957,5.5234717,8.3304813,1,1,0,0,1168,1169,1169,0.8869348,98,4.6018437,7.3273728,0.0060776,0.7627539
1018,adressa=7_ballot=4,7,2356,4,chaiyaphum,1036,1036,924,924,0.0064717,1.6297365,2.9643805,1,1,0,0,376,377,377,0.2553961,38,1.3654441,2.637962,0.0013823,0.2386023
1019,adressa=7_ballot=4,7,2356,4,pontevedra,1046,1046,910,910,0.0046701,1.9940181,3.017475,1,1,0,0,412,413,413,0.3096554,44,1.67426,2.6903462,0.0013935,0.2412278
1020,adressa=7_ballot=4,7,2356,4,veszprem city,288,288,288,288,0.0062935,0.1412721,0.1469466,1,1,1,0,29,67,67,0.0696856,0,0.0666053,0.073763,0.0013918,0.0677039
1023,adressa=7_ballot=4,7,2356,4,rhode island,288,288,288,288,0.0040486,0.1318549,0.1352225,1,1,1,0,29,67,67,0.0643546,0,0.0623188,0.0684403,0.001342,0.0615145
1024,adressa=7_ballot=4,7,2356,4,bromley,1046,1046,910,910,0.0036102,1.861298,3.1452463,1,1,0,0,412,413,413,0.2763648,44,1.5754481,2.8060959,0.0014956,0.2482761
1025,adressa=7_ballot=4,7,2356,4,brindisi,1068,1068,1054,1054,0.003219,2.4100058,3.4897891,1,1,0,0,483,484,484,0.3399463,56,2.0588771,3.1293491,0.0013351,0.2597787
1026,adressa=7_ballot=4,7,2356,4,dodekanisos,1036,1036,288,288,0.0163909,1.6083838,1.9847332,1,1,0,0,311,312,312,0.2876533,29,1.3008402,1.6840493,0.0041942,0.2381481
1028,adressa=7_ballot=4,7,2356,4,region metro de santiago,1046,1046,910,910,0.0036378,2.1159287,2.8843934,1,1,0,0,412,413,413,0.3145294,44,1.7902597,2.5616845,0.0015064,0.2330269
1029,adressa=7_ballot=4,7,2356,4,western cape,1426,1426,809,809,0.012142,2.8546224,3.9546653,1,1,0,0,566,567,567,0.4602983,50,2.3734188,3.4972288,0.0032554,0.3410327
1030,adressa=7_ballot=4,7,2356,4,pichincha,1036,1036,924,924,0.0056053,1.6732718,2.7768221,1,1,0,0,376,377,377,0.2543197,38,1.4091066,2.4689292,0.0017379,0.2254192
1031,adressa=7_ballot=4,7,2356,4,wandsworth,811,811,809,809,0.003977,2.173806,3.5676417,1,1,0,0,456,457,457,0.3278592,50,1.8327387,3.1908869,0.0029906,0.2756537
1032,adressa=7_ballot=4,7,2356,4,bristol,1046,1046,910,910,0.0062776,1.9134149,3.1218173,1,1,0,0,412,413,413,0.2913603,44,1.6126487,2.790559,0.0013549,0.237471
1034,adressa=7_ballot=4,7,2356,4,oregon,811,811,809,809,0.0044699,2.0726772,3.367123,1,1,0,0,456,457,457,0.3165827,50,1.743218,3.0126652,0.0032829,0.2565028
1035,adressa=7_ballot=4,7,2356,4,delhi,811,811,809,809,0.0040883,1.9840852,3.5216563,1,1,0,0,456,457,457,0.2794793,50,1.6940634,3.1634651,0.0017871,0.2558485
1037,adressa=7_ballot=4,7,2356,4,gelderland,811,811,288,288,0.0150016,1.5326714,2.2308292,1,1,0,0,331,332,332,0.2905866,29,1.2151561,1.8994019,0.0093729,0.2610506
1038,adressa=7_ballot=4,7,2356,4,ankara,811,811,809,809,0.0071079,3.252457,5.4024104,1,1,0,0,757,758,758,0.4955571,74,2.7399759,4.8252484,0.002737,0.4210575
1039,adressa=7_ballot=4,7,2356,4,yangon,811,811,809,809,0.0066585,2.528392,3.5007492,1,1,0,0,456,457,457,0.3787546,50,2.1368637,3.1381345,0.00161,0.2594805
1041,adressa=7_ballot=4,7,2356,4,vizcaya,811,811,809,809,0.0035807,2.123524,3.377076,1,1,0,0,456,457,457,0.3049754,50,1.8046272,3.0277399,0.0031945,0.2525958
1042,adressa=7_ballot=4,7,2356,4,northamptonshire,1046,1046,910,910,0.0032716,1.7705497,3.2313817,1,1,0,0,412,413,413,0.254336,44,1.5065693,2.8921243,0.0013773,0.2462002
1044,adressa=7_ballot=4,7,2356,4,federacija bosna i hercegovina,811,811,809,809,0.0033731,2.1339378,3.2881306,1,1,0,0,456,457,457,0.3044085,50,1.8188501,2.9424931,0.001528,0.2522115
1045,adressa=7_ballot=4,7,2356,4,maryland,1046,1046,910,910,0.0033696,1.966007,2.9561955,1,1,0,0,412,413,413,0.2875629,44,1.6678038,2.6258582,0.0015731,0.2436446
1046,adressa=7_ballot=4,7,2356,4,denmark,811,811,809,809,0.0068314,2.3674228,3.4428062,1,1,0,0,456,457,457,0.3660594,50,1.9860568,3.0931354,0.0032082,0.2506596
1047,adressa=7_ballot=4,7,2356,4,laanemaa,1426,1426,1411,1411,0.0069974,1.6217951,2.598249,1,1,0,0,363,364,364,0.2568014,32,1.3524626,2.3157236,0.0025212,0.2081467
1048,adressa=7_ballot=4,7,2356,4,distrito capital,1046,1046,910,910,0.0046257,1.788547,3.1567286,1,1,0,0,412,413,413,0.2678468,44,1.5093283,2.8152135,0.0031287,0.2494638
1049,adressa=7_ballot=4,7,2356,4,perth and kinross,1036,1036,924,924,0.0036378,1.7420895,2.5651865,1,1,0,0,376,377,377,0.2529943,38,1.4795594,2.2680126,0.0013871,0.2232126
1050,adressa=7_ballot=4,7,2356,4,dolnoslaskie,811,811,809,809,0.0034906,2.0484745,3.5006731,1,1,0,0,456,457,457,0.2941546,50,1.7433323,3.1374057,0.0016027,0.2607626
1052,adressa=7_ballot=4,7,2356,4,zeeland,1036,1036,924,924,0.0094201,1.7201696,2.6577703,1,1,0,0,376,377,377,0.259718,38,1.4480934,2.3626578,0.0030041,0.2179105
1053,adressa=7_ballot=4,7,2356,4,salzburg,1426,1426,1411,1411,0.0034998,1.566855,2.7723792,1,1,0,0,363,364,364,0.2270315,32,1.3316125,2.4544987,0.0013134,0.2337965
1054,adressa=7_ballot=4,7,2356,4,seoul teugbyeol-si,811,811,809,809,0.0100543,2.0863654,3.2454113,1,1,0,0,456,457,457,0.3061127,50,1.7665511,2.8969774,0.0013279,0.2506505
1055,adressa=7_ballot=4,7,2356,4,hofudborgarsvaedi,1036,1036,924,924,0.0062617,1.6098237,2.8212942,1,1,0,0,376,377,377,0.2421979,38,1.3592625,2.5165661,0.0013636,0.2235411
1063,adressa=8_ballot=4,8,3246,4,connecticut,959,959,959,959,0.0273295,23.1311318,34.1461225,1,1,1,0,2865,2866,2866,3.4451477,227,19.6114037,30.3867666,0.0109822,2.8635851
1068,adressa=8_ballot=4,8,3246,4,virginia,1487,1487,953,953,0.0285166,34.7365237,52.3461302,1,1,0,0,4341,4342,4342,5.178024,386,29.4588228,46.7563555,0.0090826,4.2012738
1070,adressa=8_ballot=4,8,3246,4,massachusetts,1481,1481,499,499,0.013582,21.2951129,31.816796,1,1,0,0,2614,2615,2615,3.106373,238,18.116423,28.3459256,0.004944,2.6276749
1071,adressa=8_ballot=4,8,3246,4,new hampshire,1958,1958,1920,1920,0.0101812,15.6654539,24.1873106,1,1,0,0,1903,1904,1904,2.1905097,182,13.4289499,21.8203191,0.0057823,1.7214135
1075,adressa=8_ballot=4,8,3246,4,rio grande do norte,959,959,953,953,0.0439094,47.9672163,73.3675508,1,1,0,0,6070,6071,6071,7.0782904,521,40.7352672,65.4555,0.017641,5.9693799
1084,adressa=8_ballot=4,8,3246,4,georgia,1487,1487,1439,1439,0.0111516,14.2608174,22.563298,1,1,0,0,1789,1790,1790,1.9848034,174,12.2357946,20.3094711,0.0026884,1.6562841
1091,adressa=8_ballot=4,8,3246,4,faro,1487,1487,1439,1439,0.018037,47.9824993,75.7246346,1,1,0,0,5892,5893,5893,6.5223253,612,41.3259207,68.308252,0.0159425,5.4161662
1099,adressa=8_ballot=4,8,3246,4,capital federal,1487,1487,1439,1439,0.0058094,14.0686202,22.6011562,1,1,0,0,1789,1790,1790,1.9440616,174,12.0872757,20.3700334,0.0026304,1.6421159
1100,adressa=8_ballot=4,8,3246,4,bruxelles-capitale,1481,1481,1481,1481,0.0062717,15.9147876,25.3953459,1,1,1,0,1970,1971,1971,2.1826078,206,13.6898462,22.9546276,0.0026783,1.7644164
1102,adressa=8_ballot=4,8,3246,4,granada,1487,1487,1439,1439,0.006483,14.9381502,24.2522952,1,1,0,0,1789,1790,1790,2.0328294,174,12.8635579,21.7564296,0.0030987,1.8682852
1105,adressa=8_ballot=4,8,3246,4,valladolid,1487,1487,1439,1439,0.011118,14.3759358,22.6436789,1,1,0,0,1789,1790,1790,1.9922164,174,12.3446531,20.3845204,0.0044123,1.6577462
1106,adressa=8_ballot=4,8,3246,4,worcestershire,1958,1958,1920,1920,0.0060864,15.4349443,25.8086841,1,1,0,0,1903,1904,1904,2.090584,182,13.2951043,23.1456144,0.0077399,1.9721379
1109,adressa=8_ballot=4,8,3246,4,victoria,1487,1487,1439,1439,0.0146152,32.7554156,52.7997517,1,1,0,0,3958,3959,3959,4.4981874,412,28.1547635,47.6061657,0.0103871,3.8123574
1112,adressa=8_ballot=4,8,3246,4,manila,1487,1487,499,499,0.0535528,34.5874488,48.7606265,1,1,0,0,4256,4257,4257,5.4265662,302,29.0189533,42.8702265,0.0174822,4.5911913
1113,adressa=8_ballot=4,8,3246,4,western australia,1958,1958,953,953,0.0282536,18.7596554,28.8262239,1,1,0,0,2340,2341,2341,2.7533078,226,15.9356736,25.7348891,0.0054314,2.3236104
1124,adressa=8_ballot=4,8,3246,4,chon buri,1958,1958,499,499,0.035885,23.0658657,34.4349613,1,1,0,0,2906,2907,2907,3.6513721,238,19.3250968,30.549679,0.0130022,2.9783631
1125,adressa=8_ballot=4,8,3246,4,milton keynes,959,959,959,959,0.0222432,22.0326498,33.1428874,1,1,1,0,2736,2737,2737,3.2947583,203,18.6666105,29.4727207,0.0106946,2.8016911
1126,adressa=8_ballot=4,8,3246,4,minnesota,1487,1487,1439,1439,0.0102289,14.1981963,22.7224649,1,1,0,0,1789,1790,1790,1.9952314,174,12.1616565,20.420892,0.0027678,1.6965022
1128,adressa=8_ballot=4,8,3246,4,sheffield,1481,1481,1481,1481,0.0070173,15.7072591,25.3554074,1,1,1,0,1970,1971,1971,2.1639806,206,13.501258,22.8868971,0.0036631,1.8024312
1129,adressa=8_ballot=4,8,3246,4,ho chi minh,1487,1487,1439,1439,0.0110818,14.3564839,22.3444895,1,1,0,0,1789,1790,1790,1.9621875,174,12.3537741,20.1411516,0.0024041,1.6237705
1130,adressa=8_ballot=4,8,3246,4,schleswig-holstein,1487,1487,953,953,0.0229435,25.9476283,38.5667616,1,1,0,0,3205,3206,3206,3.7929553,294,22.0705945,34.5851998,0.0111975,2.9647106
1132,adressa=8_ballot=4,8,3246,4,san pawl il bahar,1487,1487,1439,1439,0.01117,14.0608785,22.7344947,1,1,0,0,1789,1790,1790,1.9571794,174,12.0640135,20.4906288,0.0026493,1.6435011
1134,adressa=8_ballot=4,8,3246,4,zug,1487,1487,1439,1439,0.0078595,13.8257369,22.3946114,1,1,0,0,1789,1790,1790,1.9203658,174,11.866593,20.1402596,0.0031252,1.6697359
1138,adressa=8_ballot=4,8,3246,4,aichi,1481,1481,1481,1481,0.0132963,15.4995715,24.9567774,1,1,1,0,1970,1971,1971,2.1007363,206,13.3596278,22.5513736,0.0024272,1.7585927
1141,adressa=8_ballot=4,8,3246,4,oaxaca,1958,1958,1920,1920,0.0061493,15.0912047,23.8394713,1,1,0,0,1903,1904,1904,2.0421407,182,13.0078695,21.5222988,0.0026462,1.687706
1142,adressa=8_ballot=4,8,3246,4,rayong,1487,1487,1439,1439,0.0069449,14.2477967,22.4162168,1,1,0,0,1789,1790,1790,2.0011577,174,12.19965,20.1773075,0.0026228,1.6543047
1143,adressa=8_ballot=4,8,3246,4,nakhon si thammarat,959,959,959,959,0.0249937,30.8423372,45.5058511,1,1,1,0,3872,3873,3873,4.7031227,295,26.0225266,40.4195103,0.0199693,3.8974258
1145,adressa=8_ballot=4,8,3246,4,central,1481,1481,499,499,0.0120042,20.3811246,31.2949875,1,1,0,0,2614,2615,2615,3.0134333,238,17.3068921,27.9568352,0.0047588,2.5205737
1149,adressa=8_ballot=4,8,3246,4,bali,1487,1487,1439,1439,0.0079137,15.1813568,22.3616167,1,1,0,0,1789,1790,1790,2.1070725,174,13.0281742,20.149974,0.0032118,1.6272596
1151,adressa=8_ballot=4,8,3246,4,phrae,1487,1487,499,499,0.018848,22.6645026,34.9228861,1,1,0,0,2899,2900,2900,3.5284515,238,19.0380512,30.927335,0.0150442,3.0895288
1156,adressa=8_ballot=4,8,3246,4,australian capital territory,1487,1487,1439,1439,0.0060379,14.3439981,22.4892953,1,1,0,0,1789,1790,1790,1.9757525,174,12.3291475,20.1983399,0.002484,1.6983288
1158,adressa=8_ballot=4,8,3246,4,morelos,1481,1481,1481,1481,0.0064189,15.659638,24.9891751,1,1,1,0,1970,1971,1971,2.0737751,206,13.5432774,22.5563033,0.0027364,1.7788466
1159,adressa=8_ballot=4,8,3246,4,ha noi,959,959,959,959,0.024123,30.891457,45.4041253,1,1,1,0,3872,3873,3873,4.726723,295,26.0431706,40.3770146,0.0142173,3.8375546
1160,adressa=8_ballot=4,8,3246,4,arizona,1481,1481,953,953,0.024663,26.3098806,41.0267082,1,1,0,0,3334,3335,3335,3.7783658,318,22.4520718,36.7199955,0.009382,3.2337139
1161,adressa=8_ballot=4,8,3246,4,songkhla,1481,1481,1481,1481,0.0162861,16.1635483,25.0587091,1,1,1,0,1970,1971,1971,2.2143342,206,13.8923736,22.6383851,0.0069268,1.7639829
1162,adressa=8_ballot=4,8,3246,4,tarlac,1487,1487,1439,1439,0.0110761,14.7887727,22.2508753,1,1,0,0,1789,1790,1790,2.0787749,174,12.6698481,20.0517726,0.002374,1.6145209
1164,adressa=8_ballot=4,8,3246,4,pattaya,1487,1487,1439,1439,0.0059345,14.5209469,22.5833973,1,1,0,0,1789,1790,1790,2.0482294,174,12.431695,20.3309386,0.0025897,1.6615438
1165,adressa=8_ballot=4,8,3246,4,colorado,1487,1487,1439,1439,0.0114242,14.2226347,22.5322314,1,1,0,0,1789,1790,1790,1.9701329,174,12.2107306,20.3241542,0.0024176,1.6217124
1167,adressa=8_ballot=4,8,3246,4,yilan county,1487,1487,1439,1439,0.0058831,14.3252516,22.4886161,1,1,0,0,1789,1790,1790,2.0083846,174,12.2734965,20.2344077,0.0053444,1.665185
1169,adressa=8_ballot=4,8,3246,4,michigan,1487,1487,1439,1439,0.0116832,32.1094249,50.6794283,1,1,0,0,3958,3959,3959,4.3568638,412,27.6634284,45.6980196,0.004777,3.6505252
1170,adressa=8_ballot=4,8,3246,4,masqat,1487,1487,1439,1439,0.0085602,13.9630978,22.3303502,1,1,0,0,1789,1790,1790,1.9439933,174,11.9790616,20.1104486,0.0055786,1.6303863
1172,adressa=8_ballot=4,8,3246,4,basnahira palata,1487,1487,1439,1439,0.006018,14.3766307,22.6993454,1,1,0,0,1789,1790,1790,2.0308199,174,12.3070141,20.41105,0.0023934,1.6958167
1176,adressa=8_ballot=4,8,3246,4,nova scotia,1487,1487,1439,1439,0.0068879,14.2015837,22.7721566,1,1,0,0,1789,1790,1790,1.991679,174,12.1704529,20.4858449,0.0023992,1.6908662
1179,adressa=8_ballot=4,8,3246,4,wielkopolskie,1487,1487,1439,1439,0.0106091,14.1800527,22.6838322,1,1,0,0,1789,1790,1790,2.0084925,174,12.1330386,20.4236013,0.0031696,1.6660184
1181,adressa=8_ballot=4,8,3246,4,oklahoma,959,959,953,953,0.0290649,40.3998799,60.7326799,1,1,0,0,4934,4935,4935,5.8235191,429,34.4536564,54.2639065,0.0072314,4.8781068
1182,adressa=8_ballot=4,8,3246,4,zurich,1487,1487,953,953,0.0444424,43.8068791,67.2176736,1,1,0,0,5554,5555,5555,6.5936122,488,37.0724931,59.8719789,0.0144997,5.5777455
1186,adressa=8_ballot=4,8,3246,4,hallands lan,959,959,499,499,0.0361646,31.6720544,45.403558,1,1,0,0,3949,3950,3950,4.8940344,288,26.6495406,40.1070415,0.0142222,4.1070144
1189,adressa=8_ballot=4,8,3246,4,dublin,1958,1958,1439,1439,0.0205599,39.5337962,61.8126009,1,1,0,0,4925,4926,4926,5.4881542,474,33.930164,55.5480984,0.0088931,4.6361519
1191,adressa=8_ballot=4,8,3246,4,burgos,1487,1487,953,953,0.0209105,26.7755741,39.1727348,1,1,0,0,3205,3206,3206,3.946027,294,22.7470627,35.0308054,0.0047172,3.1121706
1193,adressa=8_ballot=4,8,3246,4,gloucestershire,1481,1481,953,953,0.0118947,26.7681847,41.1600088,1,1,0,0,3334,3335,3335,3.843323,318,22.836476,36.9397493,0.0090799,3.1512653
1198,adressa=8_ballot=4,8,3246,4,norrbottens lan,959,959,959,959,0.023478,22.3339445,33.0126912,1,1,1,0,2736,2737,2737,3.372927,203,18.8836719,29.254962,0.0085094,2.8987677
1199,adressa=8_ballot=4,8,3246,4,murcia,1958,1958,499,499,0.0455255,39.4505331,58.7976492,1,1,0,0,5004,5005,5005,6.2463429,352,33.0444198,51.8245655,0.0256824,5.4181447
1200,adressa=8_ballot=4,8,3246,4,niedersachsen,1536,1536,1536,1536,0.0060876,17.7969149,29.2296822,1,1,1,0,2246,2247,2247,2.3612516,252,15.3862779,26.5238977,0.0043023,1.9390502
1203,adressa=8_ballot=4,8,3246,4,bagmati,1481,1481,1481,1481,0.0060031,15.4381727,25.5656694,1,1,1,0,1970,1971,1971,2.0368389,206,13.3617076,23.0798645,0.0024122,1.8219577
1204,adressa=8_ballot=4,8,3246,4,zuid-holland,1958,1958,1439,1439,0.0370437,57.6577561,92.0493094,1,1,0,0,7094,7095,7095,7.9866815,712,49.4894281,82.6755758,0.0197451,6.9718295
1205,adressa=8_ballot=4,8,3246,4,ostrobothnia,1487,1487,1439,1439,0.0176009,46.5769807,77.1094172,1,1,0,0,5892,5893,5893,6.3489692,612,40.0883217,69.5931534,0.016982,5.4854438
1210,adressa=8_ballot=4,8,3246,4,varna,1958,1958,1920,1920,0.0066354,14.8140039,23.7290626,1,1,0,0,1903,1904,1904,2.0124101,182,12.7614516,21.4310463,0.0026899,1.6806627
1211,adressa=8_ballot=4,8,3246,4,dubayy,1487,1487,1439,1439,0.0065543,14.363291,22.5215728,1,1,0,0,1789,1790,1790,1.9579364,174,12.3654475,20.2613615,0.0023856,1.679468
1217,adressa=8_ballot=4,8,3246,4,oxfordshire,1958,1958,1920,1920,0.012258,15.666604,24.1002125,1,1,0,0,1903,1904,1904,2.2237298,182,13.3969774,21.7199759,0.0037831,1.7440949
1219,adressa=8_ballot=4,8,3246,4,vastmanlands lan,1958,1958,1920,1920,0.0102134,15.2336964,24.279546,1,1,0,0,1903,1904,1904,2.1117186,182,13.0807954,21.8910804,0.002432,1.7527489
1220,adressa=8_ballot=4,8,3246,4,salamanca,1481,1481,1481,1481,0.0115675,15.530953,25.5654308,1,1,1,0,1970,1971,1971,2.1066793,206,13.3815414,23.0900452,0.0025542,1.8054645
1223,adressa=8_ballot=4,8,3246,4,orebro lan,1487,1487,1439,1439,0.0217009,29.7524178,47.6728039,1,1,0,0,3723,3724,3724,4.1190216,374,25.5489968,42.9443143,0.0060536,3.4755356
1225,adressa=8_ballot=4,8,3246,4,kronobergs lan,1536,1536,1536,1536,0.0081088,17.5462781,29.7229124,1,1,1,0,2246,2247,2247,2.276628,252,15.2251459,26.9551422,0.0026668,1.9985735
1229,adressa=8_ballot=4,8,3246,4,latina,1958,1958,1920,1920,0.0096305,16.0060903,25.3785849,1,1,0,0,1903,1904,1904,2.2015926,182,13.7594033,22.8028015,0.0054287,1.9169709
1230,adressa=8_ballot=4,8,3246,4,united states,959,959,959,959,0.0266627,31.018776,45.8466143,1,1,1,0,3872,3873,3873,4.6633511,295,26.2555043,40.7383486,0.0092258,3.9112185
1231,adressa=8_ballot=4,8,3246,4,milano,1481,1481,1481,1481,0.0112118,15.5936726,25.0958977,1,1,1,0,1970,1971,1971,2.0499007,206,13.5033993,22.6703051,0.0024019,1.7782753
1232,adressa=8_ballot=4,8,3246,4,kastoria,1487,1487,1439,1439,0.0058772,14.8842028,22.3227416,1,1,0,0,1789,1790,1790,2.058014,174,12.7844617,20.0603297,0.0043276,1.6755158
1233,adressa=8_ballot=4,8,3246,4,sofia-grad,1481,1481,1481,1481,0.0064487,15.8924622,25.2854964,1,1,1,0,1970,1971,1971,2.1823716,206,13.6684726,22.809409,0.0024215,1.8208213
1234,adressa=8_ballot=4,8,3246,4,parnumaa,959,959,959,959,0.0156588,22.4688681,34.4743103,1,1,1,0,2865,2866,2866,3.3616726,227,19.0365443,30.7044048,0.008792,2.8676167
1238,adressa=8_ballot=4,8,3246,4,uppsala lan,1958,1958,959,959,0.0308802,36.2096271,55.0199905,1,1,0,0,4634,4635,4635,5.4672427,363,30.6192699,48.9093554,0.0118848,4.6764354
1241,adressa=8_ballot=4,8,3246,4,liverpool,1487,1487,1439,1439,0.0117841,14.3586279,22.6538894,1,1,0,0,1789,1790,1790,1.9468581,174,12.3720719,20.4262549,0.0027052,1.6320881
1243,adressa=8_ballot=4,8,3246,4,limburg,1481,1481,1481,1481,0.0068438,15.5062913,25.3889418,1,1,1,0,1970,1971,1971,2.0609266,206,13.4046808,22.9293394,0.0028352,1.7996646
1244,adressa=8_ballot=4,8,3246,4,moskva,1481,1481,953,953,0.0196193,26.4263688,41.3390273,1,1,0,0,3334,3335,3335,3.8501914,318,22.4927217,37.048886,0.0108184,3.2068012
1250,adressa=8_ballot=4,8,3246,4,islas baleares,1958,1958,1439,1439,0.0306754,39.07444,61.6754932,1,1,0,0,4925,4926,4926,5.5258424,474,33.4135952,55.479407,0.010134,4.588194
1251,adressa=8_ballot=4,8,3246,4,zachodniopomorskie,499,499,499,499,0.005852,12.7386759,13.1667143,1,1,1,0,1335,1588,1588,2.3355474,0,10.3607395,11.1439998,0.0024943,1.6929435
1252,adressa=8_ballot=4,8,3246,4,khon kaen,1487,1487,1439,1439,0.0176773,30.6782469,47.8743883,1,1,0,0,3723,3724,3724,4.1661048,374,26.4205104,43.1441096,0.0105791,3.4709797
1260,adressa=8_ballot=4,8,3246,4,noord-brabant,959,959,499,499,0.0265527,35.7650774,53.5116383,1,1,0,0,4427,4428,4428,5.4347269,352,30.2061609,47.6871488,0.0169039,4.4185117
1261,adressa=8_ballot=4,8,3246,4,braila,1481,1481,1481,1481,0.0105967,15.7584333,25.3362388,1,1,1,0,1970,1971,1971,2.1318002,206,13.5851795,22.8989452,0.0024114,1.7847471
1265,adressa=8_ballot=4,8,3246,4,central finland,1487,1487,1439,1439,0.0057969,14.4993446,22.4820481,1,1,0,0,1789,1790,1790,2.017673,174,12.4435816,20.2349066,0.0026911,1.6573
1267,adressa=8_ballot=4,8,3246,4,nidwalden,1487,1487,1439,1439,0.0106836,14.1887206,22.6128131,1,1,0,0,1789,1790,1790,1.9827204,174,12.1649196,20.3517461,0.0045947,1.6749639
1269,adressa=8_ballot=4,8,3246,4,stockton-on-tees,1958,1958,1920,1920,0.011033,15.1850026,24.0345745,1,1,0,0,1903,1904,1904,2.1457842,182,12.99675,21.648833,0.0037161,1.7633348
1270,adressa=8_ballot=4,8,3246,4,solothurn,1487,1487,1439,1439,0.0153916,15.2495736,23.8606097,1,1,0,0,1789,1790,1790,2.0845687,174,13.1071553,21.3983871,0.0077818,1.8401074
1272,adressa=8_ballot=4,8,3246,4,sankt-peterburg,1481,1481,953,953,0.0215381,27.1686017,41.4453932,1,1,0,0,3334,3335,3335,3.8544448,318,23.2285762,37.1268907,0.0108599,3.236551
1275,adressa=8_ballot=4,8,3246,4,moray,1487,1487,1439,1439,0.0103283,14.3883458,22.510408,1,1,0,0,1789,1790,1790,1.9670523,174,12.3815379,20.2770289,0.003016,1.6442014
1276,adressa=8_ballot=4,8,3246,4,guangdong,1487,1487,1439,1439,0.0093385,13.9577417,22.5528285,1,1,0,0,1789,1790,1790,1.9327617,174,11.9859517,20.2955021,0.0044468,1.6722591
1280,adressa=8_ballot=4,8,3246,4,syddanmark,1958,1958,953,953,0.0364478,26.9903954,42.1818565,1,1,0,0,3476,3477,3477,3.9046192,318,22.9893647,37.5894283,0.0102807,3.5002534
1281,adressa=8_ballot=4,8,3246,4,bacs-kiskun,499,499,499,499,0.0112363,10.5553483,12.7748581,1,1,1,0,1335,1588,1588,1.9875248,0,8.5359016,10.8371162,0.0026483,1.6163907
1282,adressa=8_ballot=4,8,3246,4,espirito santo,1481,1481,1481,1481,0.0183711,15.9872195,25.0959339,1,1,1,0,1970,1971,1971,2.2046118,206,13.7389801,22.6749713,0.0025792,1.7707547
1283,adressa=8_ballot=4,8,3246,4,valle del cauca,499,499,499,499,0.0069302,10.363627,12.9487333,1,1,1,0,1335,1588,1588,1.9276775,0,8.4048139,11.0041279,0.0023969,1.6237405
1284,adressa=8_ballot=4,8,3246,4,puerto rico,1481,1481,499,499,0.0245218,23.5839162,33.876251,1,1,0,0,2923,2924,2924,3.6165703,238,19.8734861,30.0685577,0.012844,2.9302511
1285,adressa=8_ballot=4,8,3246,4,huelva,1487,1487,1439,1439,0.0059817,14.6109594,22.2606594,1,1,0,0,1789,1790,1790,2.0142055,174,12.5556703,20.0719133,0.0027125,1.6095562
1286,adressa=8_ballot=4,8,3246,4,venezia,499,499,499,499,0.0060567,10.4574641,12.8387768,1,1,1,0,1335,1588,1588,1.9938664,0,8.4286925,10.9021309,0.0058236,1.6147738
1287,adressa=9_ballot=4,9,583,4,utah,241,241,241,241,0.0002337,1.6594975,152.2110068,1,1,1,0,9034,9035,9035,0.4436702,710,20.1770612,76.5528107,9.20E-05,0.4901006
1290,adressa=10_ballot=4,10,591,4,new south wales,198,198,198,198,0.0008321,90.0076264,126.0432078,1,1,1,0,20361,30325,30325,0.0059172,0,25.312,196.326,0.000208,0.0085681
